NO,병원명,홈페이지,Final URL,CMS,상태,채널수,의사수,의료진페이지,추출된의사,추출된채널,partial사유
863,연세동안의원,http://vipclinic.co.kr/,http://vipclinic.co.kr/contents/main/main.html,,success,3,1,Yes,지건현(원장),KakaoTalk:https://pf.kakao.com/_Seaxkxd; Phone:tel:027071023; Phone:tel:027071029,
899,메이퓨어의원마포공덕점,https://www.maypureclinic.com/ko/,https://www.maypureclinic.com/,,success,2,46,Yes,이창윤(specialist); 최희원(specialist); 서형철(specialist); 장진권(specialist); 최준석(specialist); 이석호(specialist); 윤광원(specialist); 박상희(specialist); 박준태(specialist); 김윤병(specialist); 최의제(specialist); 문은혜(specialist); 김휘강(specialist); 윤동진(specialist); 윤호석(specialist); 박정진(specialist); 최원영(specialist); 임다정(specialist); 최민제(specialist); 김운집(specialist); 이은지(specialist); 안병찬(specialist); 권다해(specialist); 김종태(specialist); 안광은(specialist); 정하영(specialist); 김자영(specialist); 김진구(specialist); 오승현(specialist); 박재형(specialist); 권도영(specialist); 이상범(specialist); 박새영(specialist); 박석용(specialist); 임찬영(specialist); 권동우(specialist); 이혜규(specialist); 김하영(specialist); 박기병(specialist); 장인혁(specialist); 강병훈(specialist); 정승은(specialist); 전민주(specialist); 유지상(specialist); 최우혁(specialist); 송완석(specialist),KakaoTalk:https://pf.kakao.com/_qkHdT; Phone:tel:0222789990,
904,공덕닥터에버스의원,https://evers16.co.kr/,,imweb,success,11,4,Yes,남다정(대표원장); 김수연(부원장); 유위백(부원장); 김수영(부원장),Instagram:https://www.instagram.com/drevers_official; Instagram:https://www.instagram.com/p/DUkakL4EiIH; Instagram:https://www.instagram.com/reel/DUXjwrDEkfg; Instagram:https://www.instagram.com/reel/DUXnHLjEtVS; KakaoTalk:http://pf.kakao.com/_ggFQG; KakaoTalk:https://pf.kakao.com/_ggFQG; NaverBlog:https://blog.naver.com/healtheory; NaverBooking:https://m.booking.naver.com/booking/13/bizes/1205637; Phone:tel:027111606; Phone:tel:027113031; YouTube:https://www.youtube.com/@Drevers,
1122,온앤업의원,https://blog.naver.com/honeysuckle266971,,,success,1,1,Yes,김범수(원장),NaverBlog:https://blog.naver.com/PostList.naver?blogId=honeysuckle266971&widgetTypeCall=true&noTrackingCode=true&directAccess=true,
1218,다미의원,http://www.damiskinmapo.com/,http://www.damiskinmapo.com/main/index.php,,partial,0,1,Yes,김세환(원장),,No social channels found
1431,더청담의원,https://blog.naver.com/ssm8240,,,partial,1,0,No,,NaverBlog:https://blog.naver.com/PostList.naver?blogId=ssm8240&widgetTypeCall=true&noTrackingCode=true&directAccess=true,No doctors found
1470,밀리의원,http://miliclinic.com/,https://www.miliclinic.com/en/sinchon,,success,7,1,Yes,김혜원(대표원장),Instagram:https://www.instagram.com/sinchon.miliclinic; KakaoTalk:https://pf.kakao.com/_mxadwxb; Line:https://lin.ee/sojPLzgK; Phone:tel:82263371212; WeChat:https://mp.weixin.qq.com/s/U3J4SX5NmHNIuaYASOZ-XA; WeChat:https://www.miliclinic.com/_next/image?url=%2Fimages%2Ficons%2Fwechat.png&w=3840&q=75&dpl=dpl_FmXHQvT5qYbuJ4aqgyWtWjE34ygs; WhatsApp:https://wa.me/821023834697,
1506,유온느의원,https://uonneclinic.co.kr,https://uonneclinic.co.kr/,imweb,success,6,1,Yes,문성민(대표원장),Instagram:https://www.instagram.com/uonneclinic; KakaoTalk:https://pf.kakao.com/_LELan/chat; NaverBlog:https://blog.naver.com/ysy02126; NaverBooking:https://m.booking.naver.com/booking/13/bizes/1453566?theme=place&service-target=map-pc&lang=ko&area=plt&map-search=1; Phone:tel:023326560; YouTube:https://www.youtube.com/@%EC%8B%9C%EA%B0%84%EC%9D%84%EB%8A%A6%EC%B6%94%EB%8A%94%EC%9D%98%EC%82%AC,
1632,리즈온의원홍대점,http://hongdae.lizonclinics.co.kr,https://hongdae.lizonclinics.co.kr/,,partial,0,0,No,,,No data extracted
1651,쁨글로벌의원,https://global.ppeum6.com/,https://global.ppeum6.com/?lan=global_eng,,partial,4,0,No,,Phone:tel:821038315483; Phone:tel:821065913730; Phone:tel:821097523730; WhatsApp:https://wa.me/821038315483,No doctors found
1652,올라인의원,https://www.alllineclinic.com/,,,success,2,1,Yes,나민균(대표원장),KakaoTalk:http://pf.kakao.com/_DDxdZn/chat; Phone:tel:15337517,
1653,유픽의원,https://blog.naver.com/rkdgkwns43210,,,partial,1,0,No,,NaverBlog:https://blog.naver.com/PostList.naver?blogId=rkdgkwns43210&widgetTypeCall=true&parentCategoryNo=9&noTrackingCode=true&directAccess=true,No doctors found
1656,포레나의원,https://www.forenaclinic.com/,,wix,success,47,5,Yes,염지혜(대표원장); 김종훈(원장); 이예준(원장); 이한(원장); 문다현(원장),"Facebook:https://www.facebook.com/forenaclinic; Instagram:https://scontent-iad3-1.cdninstagram.com/o1/v/t16/f2/m69/AQMfSysm_mga85Q4dPCMo64wDZ40NmvJXXtO1jA7IVmN4tl7xrZMYQHwinIzf2NiODFEbwvjKgN1PAL2YIqQgvxR.mp4?strext=1&_nc_cat=109&_nc_sid=5e9851&_nc_ht=scontent-iad3-1.cdninstagram.com&_nc_ohc=JJl2d7D0GOMQ7kNvwHUa6FQ&efg=eyJ2ZW5jb2RlX3RhZyI6Inhwdl9wcm9ncmVzc2l2ZS5JTlNUQUdSQU0uQ0xJUFMuQzMuNzIwLmRhc2hfYmFzZWxpbmVfMV92MSIsInhwdl9hc3NldF9pZCI6MTc5MDQxNDUxNDAzNDUwMTAsImFzc2V0X2FnZV9kYXlzIjoxOCwidmlfdXNlY2FzZV9pZCI6MTAwOTksImR1cmF0aW9uX3MiOjE1LCJ1cmxnZW5fc291cmNlIjoid3d3In0%3D&ccb=17-1&vs=ff21260b75344d54&_nc_vs=HBksFQIYOnBhc3N0aHJvdWdoX2V2ZXJzdG9yZS9HS2c1NWlTbkdraTdBZTBPQUJVN1pvQVNtTE1oYnNwVEFRQUYVAALIARIAFQIYUWlnX3hwdl9wbGFjZW1lbnRfcGVybWFuZW50X3YyL0UwNEQwMjc5NzhGMUEwN0UzN0Y2Mjg2MUNBODNBMDkwX2F1ZGlvX2Rhc2hpbml0Lm1wNBUCAsgBEgAoABgAGwKIB3VzZV9vaWwBMRJwcm9ncmVzc2l2ZV9yZWNpcGUBMRUAACbkosextO7NPxUCKAJDMywXQC9EGJN0vGoYEmRhc2hfYmFzZWxpbmVfMV92MREAdf4HZeadAQA&_nc_gid=JEgHKVkwLioMHXpaBF4_Ig&edm=ANo9K5cEAAAA&_nc_zt=28&_nc_tpa=Q5bMBQGFFme4q4VdNsoXDBm6BkcL7r5vRHlw34J8EcluvzqVy-5IUxo8bGfkDqk_J3ZuufhR-cFvUDmi&oh=00_Afu5fG1Xs7n1_7sbgGjjzxo6sAxgkCNAUhyxWCUbTqK4Dg&oe=6992DD03; Instagram:https://scontent-iad3-1.cdninstagram.com/o1/v/t16/f2/m69/AQNPgEaeOqoQw-qrZJso2ihNLVEje7eIgbqoOZwxCksMhH28tyQPoiH6S-i2o3DViDuRnEVTgHL4DBwDLg4OKzrh.mp4?strext=1&_nc_cat=107&_nc_sid=5e9851&_nc_ht=scontent-iad3-1.cdninstagram.com&_nc_ohc=uG0jHwNm54UQ7kNvwEdJcx7&efg=eyJ2ZW5jb2RlX3RhZyI6Inhwdl9wcm9ncmVzc2l2ZS5JTlNUQUdSQU0uQ0xJUFMuQzMuNzIwLmRhc2hfYmFzZWxpbmVfMV92MSIsInhwdl9hc3NldF9pZCI6MTc5MDM0ODQ4NzAzNDUwMTAsImFzc2V0X2FnZV9kYXlzIjoyMywidmlfdXNlY2FzZV9pZCI6MTAwOTksImR1cmF0aW9uX3MiOjIzLCJ1cmxnZW5fc291cmNlIjoid3d3In0%3D&ccb=17-1&_nc_gid=JEgHKVkwLioMHXpaBF4_Ig&edm=ANo9K5cEAAAA&_nc_zt=28&vs=f660d2458a8a0135&_nc_vs=HBksFQIYOnBhc3N0aHJvdWdoX2V2ZXJzdG9yZS9HTnl4enlRUThIZnlrSUJhQUt4LUNsR3ViRGN3YnNwVEFRQUYVAALIARIAFQIYUWlnX3hwdl9wbGFjZW1lbnRfcGVybWFuZW50X3YyL0NCNDUxNTI4MEIwQjYyNkQ5NDNEQ0M3N0FDRTM2MzgxX2F1ZGlvX2Rhc2hpbml0Lm1wNBUCAsgBEgAoABgAGwKIB3VzZV9vaWwBMRJwcm9ncmVzc2l2ZV9yZWNpcGUBMRUAACbkhIL__MfNPxUCKAJDMywXQDe7peNT988YEmRhc2hfYmFzZWxpbmVfMV92MREAdf4HZeadAQA&_nc_tpa=Q5bMBQHbVeI61NNIJbBi9uDCKeN6CjcQNAIvetyB_DpZQPHnJSui-b3jJR_9A0sgQHISIPq1ndR6BXUa&oh=00_Afvs4bM3b4ajxgsiY5hm2shKoYahn_4wQ1J8RcXwkX4anQ&oe=6992F229; Instagram:https://scontent-iad3-1.cdninstagram.com/o1/v/t2/f2/m86/AQM2aKzwn3P9AREijTBF9EY2dT6PnNPdicok9LqnhgEQ2MyQ5PsWNlrp8pgrtIuWeU58VMMPX69CdBRmHNDiZkeb_zDnqOyVpJUCZaE.mp4?_nc_cat=102&_nc_sid=5e9851&_nc_ht=scontent-iad3-1.cdninstagram.com&_nc_ohc=h5A2r7LHLccQ7kNvwFy0E5N&efg=eyJ2ZW5jb2RlX3RhZyI6Inhwdl9wcm9ncmVzc2l2ZS5JTlNUQUdSQU0uQ0xJUFMuQzMuNzIwLmRhc2hfYmFzZWxpbmVfMV92MSIsInhwdl9hc3NldF9pZCI6MTc5MDQ4MDIyNDIzNDUwMTAsImFzc2V0X2FnZV9kYXlzIjoxMywidmlfdXNlY2FzZV9pZCI6MTAwOTksImR1cmF0aW9uX3MiOjIxLCJ1cmxnZW5fc291cmNlIjoid3d3In0%3D&ccb=17-1&vs=928a70fbf5cbbbf9&_nc_vs=HBksFQIYUmlnX3hwdl9yZWVsc19wZXJtYW5lbnRfc3JfcHJvZC8xQzRDNDc0M0Y1NDg5MUJBNzg5MjZGRTVCRjdCQTQ4RF92aWRlb19kYXNoaW5pdC5tcDQVAALIARIAFQIYUWlnX3hwdl9wbGFjZW1lbnRfcGVybWFuZW50X3YyLzAwNDc4NUQ3QjY3NUU3ODJGNkUzM0FDNkNCQjI2MjhGX2F1ZGlvX2Rhc2hpbml0Lm1wNBUCAsgBEgAoABgAGwKIB3VzZV9vaWwBMRJwcm9ncmVzc2l2ZV9yZWNpcGUBMRUAACbk4O2W1JTOPxUCKAJDMywXQDUiDEm6XjUYEmRhc2hfYmFzZWxpbmVfMV92MREAdf4HZeadAQA&_nc_gid=JEgHKVkwLioMHXpaBF4_Ig&edm=ANo9K5cEAAAA&_nc_zt=28&_nc_tpa=Q5bMBQEcTxlBdDpDpkBFVjkpnaoj3LY2zegl8sDeayIAapXuuXol-G31RRzPjLxcxxGCkmiOWguNl4jK&oh=00_AfvTQYKnwsthXViBL-z9u0zrE8MSFSLBlOPqx2rLEA-j5g&oe=698F0C2B; Instagram:https://scontent-iad3-1.cdninstagram.com/o1/v/t2/f2/m86/AQMHYTsrUsOkd8mL6M0tkI-D4nxWxgWZMi5TlxkpppckzMwj6wIhbogiSwoxFE9oDWklLCfoYrcm1Fmu_ECr_H0HtoNQCITTO6qqIAQ.mp4?_nc_cat=108&_nc_sid=5e9851&_nc_ht=scontent-iad3-1.cdninstagram.com&_nc_ohc=dzOG3BqPq-AQ7kNvwFyWNNK&efg=eyJ2ZW5jb2RlX3RhZyI6Inhwdl9wcm9ncmVzc2l2ZS5JTlNUQUdSQU0uQ0xJUFMuQzMuNzIwLmRhc2hfYmFzZWxpbmVfMV92MSIsInhwdl9hc3NldF9pZCI6MTYxMDUxNTAzMzY5NDc3MSwiYXNzZXRfYWdlX2RheXMiOjQ4LCJ2aV91c2VjYXNlX2lkIjoxMDA5OSwiZHVyYXRpb25fcyI6MzAsInVybGdlbl9zb3VyY2UiOiJ3d3cifQ%3D%3D&ccb=17-1&_nc_gid=JEgHKVkwLioMHXpaBF4_Ig&edm=ANo9K5cEAAAA&_nc_zt=28&vs=1d0f2bfa98bd5016&_nc_vs=HBksFQIYUmlnX3hwdl9yZWVsc19wZXJtYW5lbnRfc3JfcHJvZC82MDQzMjJCM0RBMTU4RDE0OURCMDlCQzRGQTBDNDE5Rl92aWRlb19kYXNoaW5pdC5tcDQVAALIARIAFQIYR2lnX3hwdl9yZWVsc19wZXJtYW5lbnRfc3JfcHJvZC8xNjEzNzg1MzY5NzUzNzEzXzg1MDAzMzQ1MDQ3Njg5NjIyNzIubXA0FQICyAESACgAGAAbAogHdXNlX29pbAExEnByb2dyZXNzaXZlX3JlY2lwZQExFQAAJuaI6YeosNwFFQIoAkMzLBdAPu7ZFocrAhgSZGFzaF9iYXNlbGluZV8xX3YxEQB1_gdl5p0BAA&_nc_tpa=Q5bMBQFe1q0EFupRBK3QcIcA09XBWwtqW-PQCCy3gers8PXupK-ymF7DAdXsf4f8fTcjKguuwYs0DqQz&oh=00_Aft-M2NAFgS472-eCoSFiQJ6dJEY3mzX8WewXiGHc4Sqjg&oe=698EDF65; Instagram:https://scontent-iad3-1.cdninstagram.com/o1/v/t2/f2/m86/AQMHvUD7dockp-258jUVLFn66xNL02i2Lvg4FlEeF0BTFXsd7E8--_ou-3Ev0Z6QDLl71tr3Vi3GR-ZIeQDfk0SncDCGcTcwU0yEi9w.mp4?_nc_cat=107&_nc_sid=5e9851&_nc_ht=scontent-iad3-1.cdninstagram.com&_nc_ohc=pRu582rXAGMQ7kNvwH5cIie&efg=eyJ2ZW5jb2RlX3RhZyI6Inhwdl9wcm9ncmVzc2l2ZS5JTlNUQUdSQU0uQ0xJUFMuQzMuNzIwLmRhc2hfYmFzZWxpbmVfMV92MSIsInhwdl9hc3NldF9pZCI6NDEyMjExODcyNDYwMDcxNywiYXNzZXRfYWdlX2RheXMiOjQwLCJ2aV91c2VjYXNlX2lkIjoxMDA5OSwiZHVyYXRpb25fcyI6NDgsInVybGdlbl9zb3VyY2UiOiJ3d3cifQ%3D%3D&ccb=17-1&_nc_gid=JEgHKVkwLioMHXpaBF4_Ig&edm=ANo9K5cEAAAA&_nc_zt=28&vs=ee27dc7b2989f761&_nc_vs=HBksFQIYUmlnX3hwdl9yZWVsc19wZXJtYW5lbnRfc3JfcHJvZC83RDRCRDI3MjY2NUY1MDU1NEI3QTJBRDY2OTlCMzhBRV92aWRlb19kYXNoaW5pdC5tcDQVAALIARIAFQIYOnBhc3N0aHJvdWdoX2V2ZXJzdG9yZS9HTWlXUENTeEQ5WmQ2djBIQUFkN3ZrN1dSaVFmYnN0VEFRQUYVAgLIARIAKAAYABsCiAd1c2Vfb2lsATEScHJvZ3Jlc3NpdmVfcmVjaXBlATEVAAAmmo7q5PHC0g4VAigCQzMsF0BIZmZmZmZmGBJkYXNoX2Jhc2VsaW5lXzFfdjERAHX-B2XmnQEA&_nc_tpa=Q5bMBQFnnK3glfLW-q2AdWcOXlM0qZZvgigu_bztE1HwcC6YoEIUhVDKCW0HhRngztDNN8PY5JKmsu1Q&oh=00_Afv4w0aur75bg-RQvQ421n1WZf2uyNf_28cxbXxreCKB0w&oe=698EE764; Instagram:https://scontent-iad3-1.cdninstagram.com/o1/v/t2/f2/m86/AQMUG4BrizmmmiDXT83bVBFQy7JQ8zCe8xLsutt3-0XiSbrg0wdHPa7OpEIDp0AuJhN32rgGpf-eMsC3dwqkGrAJmmuCI1-8C1OQwcE.mp4?_nc_cat=110&_nc_sid=5e9851&_nc_ht=scontent-iad3-1.cdninstagram.com&_nc_ohc=cLm4k7td7vUQ7kNvwGPcIPu&efg=eyJ2ZW5jb2RlX3RhZyI6Inhwdl9wcm9ncmVzc2l2ZS5JTlNUQUdSQU0uQ0xJUFMuQzMuNzIwLmRhc2hfYmFzZWxpbmVfMV92MSIsInhwdl9hc3NldF9pZCI6MTM5OTU3NzgxODQwOTkxMiwiYXNzZXRfYWdlX2RheXMiOjY5LCJ2aV91c2VjYXNlX2lkIjoxMDA5OSwiZHVyYXRpb25fcyI6MzAsInVybGdlbl9zb3VyY2UiOiJ3d3cifQ%3D%3D&ccb=17-1&_nc_gid=JEgHKVkwLioMHXpaBF4_Ig&edm=ANo9K5cEAAAA&_nc_zt=28&vs=251fe5fc89597b2a&_nc_vs=HBksFQIYUmlnX3hwdl9yZWVsc19wZXJtYW5lbnRfc3JfcHJvZC9ENjQ4RTgyN0EyQ0ExMTlBQTdFNzFDMUJFMThDOUFCRV92aWRlb19kYXNoaW5pdC5tcDQVAALIARIAFQIYOnBhc3N0aHJvdWdoX2V2ZXJzdG9yZS9HRjhYUkNOUXc5Wk1mR2dFQUVobHJyZ2VIazVPYnN0VEFRQUYVAgLIARIAKAAYABsCiAd1c2Vfb2lsATEScHJvZ3Jlc3NpdmVfcmVjaXBlATEVAAAm8K6dq5O6_AQVAigCQzMsF0A-btkWhysCGBJkYXNoX2Jhc2VsaW5lXzFfdjERAHX-B2XmnQEA&_nc_tpa=Q5bMBQH5ZSJi5ORQC3mr_svCjWzlOY6rCaV0RN3vF_-R9VPkY9BWqFWRA_d_ihX8h64fkCHv0rDRxMoL&oh=00_Afte1MXxrg58Zvyk2cw_oUm3HZdwzgd03_Hh_B7cn8ECEw&oe=698EFCEB; Instagram:https://scontent-iad3-1.cdninstagram.com/o1/v/t2/f2/m86/AQMZj-95GepPKjzmQ7E7H7KNgMQxI1apOFO2koOfOK1BuDIwfcVrgd8bLKv_ZIKAW94ipV04IXwVP69OddgEzxHkejgZfHxeyvLXukU.mp4?_nc_cat=104&_nc_sid=5e9851&_nc_ht=scontent-iad3-1.cdninstagram.com&_nc_ohc=9MkOLT1AUpgQ7kNvwGpedHx&efg=eyJ2ZW5jb2RlX3RhZyI6Inhwdl9wcm9ncmVzc2l2ZS5JTlNUQUdSQU0uQ0xJUFMuQzMuNzIwLmRhc2hfYmFzZWxpbmVfMV92MSIsInhwdl9hc3NldF9pZCI6MTc5MDQ0NDM0MzAzNDUwMTAsImFzc2V0X2FnZV9kYXlzIjoxNiwidmlfdXNlY2FzZV9pZCI6MTAwOTksImR1cmF0aW9uX3MiOjE1LCJ1cmxnZW5fc291cmNlIjoid3d3In0%3D&ccb=17-1&vs=5d96035c8012ed83&_nc_vs=HBksFQIYUmlnX3hwdl9yZWVsc19wZXJtYW5lbnRfc3JfcHJvZC8yQTQ1NTlEQjE5MkFERDYwNjMyRkQzOTY5OTM4NTA4M192aWRlb19kYXNoaW5pdC5tcDQVAALIARIAFQIYUWlnX3hwdl9wbGFjZW1lbnRfcGVybWFuZW50X3YyLzQ4NEFDNzhERUE2QzgyNjE2QjdGQUNBOEIzM0REMTk3X2F1ZGlvX2Rhc2hpbml0Lm1wNBUCAsgBEgAoABgAGwKIB3VzZV9vaWwBMRJwcm9ncmVzc2l2ZV9yZWNpcGUBMRUAACbk5Ijp4v_NPxUCKAJDMywXQC93S8an754YEmRhc2hfYmFzZWxpbmVfMV92MREAdf4HZeadAQA&_nc_gid=JEgHKVkwLioMHXpaBF4_Ig&edm=ANo9K5cEAAAA&_nc_zt=28&_nc_tpa=Q5bMBQGvLCLsZ_0-myvD6JExP3vDkkjOv8ySuII3ZW0tlsAa7cnWVoAqL9zYlRqCX-7e-_A3uATBtFny&oh=00_Afv5SCSqL40H1QAjVZMlqDHFxZjSgz27GTrUdHpUmcc8Jg&oe=698EF759; Instagram:https://scontent-iad3-1.cdninstagram.com/o1/v/t2/f2/m86/AQMZv6k5lsrc1YhzwIIA7w7XlNU67nYhBZJ9MZT0MtEzEsih7Dmptc1uaG46Dn1iY3yzgzK4ZG8cW7vP7pZhbFpe8TdV5s4GMoD5C24.mp4?_nc_cat=108&_nc_sid=5e9851&_nc_ht=scontent-iad3-1.cdninstagram.com&_nc_ohc=GyPZfBe-oLsQ7kNvwFELnfI&efg=eyJ2ZW5jb2RlX3RhZyI6Inhwdl9wcm9ncmVzc2l2ZS5JTlNUQUdSQU0uQ0xJUFMuQzMuNzIwLmRhc2hfYmFzZWxpbmVfMV92MSIsInhwdl9hc3NldF9pZCI6ODUzMDI1MDA0Mjg3MDEzLCJhc3NldF9hZ2VfZGF5cyI6NTQsInZpX3VzZWNhc2VfaWQiOjEwODI3LCJkdXJhdGlvbl9zIjo5LCJ1cmxnZW5fc291cmNlIjoid3d3In0%3D&ccb=17-1&_nc_gid=JEgHKVkwLioMHXpaBF4_Ig&edm=ANo9K5cEAAAA&_nc_zt=28&vs=21a751b5896b8f92&_nc_vs=HBksFQIYUmlnX3hwdl9yZWVsc19wZXJtYW5lbnRfc3JfcHJvZC8xQTQzNUYxNkQzOEMwMzc4NjBCQkY5NkFENzIxQUVCNV92aWRlb19kYXNoaW5pdC5tcDQVAALIARIAFQIYOnBhc3N0aHJvdWdoX2V2ZXJzdG9yZS9HS0stN0NNd1lFZlFFRGdEQU1TNzFVZFRub1oyYnN0VEFRQUYVAgLIARIAKAAYABsCiAd1c2Vfb2lsATEScHJvZ3Jlc3NpdmVfcmVjaXBlATEVAAAmytDrxcv0gwMVAigCQzMsF0AimZmZmZmaGBJkYXNoX2Jhc2VsaW5lXzFfdjERAHX-B2WWqQEA&_nc_tpa=Q5bMBQHMR-zE1OwV_8PpxkuCUETDIPC1rqHsqD4jGl6zWkDzdR2BZOHFQdpPgMWPKWfRRCtzwVdRFyJl&oh=00_AfsfB5Z3yqOnzaQV2y8myduYWQQ1GXr8XufQreg0Ez-QZQ&oe=698EE781; Instagram:https://scontent-iad3-1.cdninstagram.com/o1/v/t2/f2/m86/AQMcyunU9fDkgTYiQQp4dLv1Zn_-R_saX_Bl3dPAxO08k_plntehKeD5WbESjRyRwR4oOl4kb1t-f_6qadUDgV69FjNc0Ii5sC2vLFw.mp4?_nc_cat=104&_nc_sid=5e9851&_nc_ht=scontent-iad3-1.cdninstagram.com&_nc_ohc=RnFhRTnKXvQQ7kNvwHCTh-6&efg=eyJ2ZW5jb2RlX3RhZyI6Inhwdl9wcm9ncmVzc2l2ZS5JTlNUQUdSQU0uQ0xJUFMuQzMuNzIwLmRhc2hfYmFzZWxpbmVfMV92MSIsInhwdl9hc3NldF9pZCI6MTQxMzg4MjM4NjgxODY5MSwiYXNzZXRfYWdlX2RheXMiOjU3LCJ2aV91c2VjYXNlX2lkIjoxMDA5OSwiZHVyYXRpb25fcyI6MzcsInVybGdlbl9zb3VyY2UiOiJ3d3cifQ%3D%3D&ccb=17-1&vs=ff9085950eb81713&_nc_vs=HBksFQIYUmlnX3hwdl9yZWVsc19wZXJtYW5lbnRfc3JfcHJvZC8xQjRDQjU3OTYzMDlCODE1NDA5MkY5ODJDQjkyM0M5MF92aWRlb19kYXNoaW5pdC5tcDQVAALIARIAFQIYOnBhc3N0aHJvdWdoX2V2ZXJzdG9yZS9HTGRyeXlOSkZGbnhMd1FFQUxTWE1PS2NQY1JMYnN0VEFRQUYVAgLIARIAKAAYABsCiAd1c2Vfb2lsATEScHJvZ3Jlc3NpdmVfcmVjaXBlATEVAAAmhprd1uT6ggUVAigCQzMsF0BC92yLQ5WBGBJkYXNoX2Jhc2VsaW5lXzFfdjERAHX-B2XmnQEA&_nc_gid=JEgHKVkwLioMHXpaBF4_Ig&edm=ANo9K5cEAAAA&_nc_zt=28&_nc_tpa=Q5bMBQEWV5DwNOicr3ncsTIOB150PccUkya7gpRwQpx2ZS-IhIEXQL7VDwoeUhqeBr-U1wVsZtFhIhwL&oh=00_AfvSTkSgmK6VDwT7Tth9iBPyjYo6DG_pxgZTU_rEpjHzcg&oe=698EE401; Instagram:https://scontent-iad3-1.cdninstagram.com/o1/v/t2/f2/m86/AQMgwozyE1taqSULKLF395J_SqTlFSJcuyGMEmf6HkyK3XP4tSoK84kAS6vOeEbXIAClP802g-yU80Mv7wZ85UfUoQeG_ZAoP6HPOGQ.mp4?_nc_cat=109&_nc_sid=5e9851&_nc_ht=scontent-iad3-1.cdninstagram.com&_nc_ohc=RUO0EO1yKUcQ7kNvwG_kEuD&efg=eyJ2ZW5jb2RlX3RhZyI6Inhwdl9wcm9ncmVzc2l2ZS5JTlNUQUdSQU0uQ0xJUFMuQzMuNzIwLmRhc2hfYmFzZWxpbmVfMV92MSIsInhwdl9hc3NldF9pZCI6MTIzODAyMDgxMTUwNzY0MCwiYXNzZXRfYWdlX2RheXMiOjYzLCJ2aV91c2VjYXNlX2lkIjoxMDgyNywiZHVyYXRpb25fcyI6NywidXJsZ2VuX3NvdXJjZSI6Ind3dyJ9&ccb=17-1&_nc_gid=JEgHKVkwLioMHXpaBF4_Ig&edm=ANo9K5cEAAAA&_nc_zt=28&vs=d5ddcfc3cc24a128&_nc_vs=HBksFQIYUmlnX3hwdl9yZWVsc19wZXJtYW5lbnRfc3JfcHJvZC80MzQ5MDU3NzU4MDM1ODZDMzk4Njc5MUNDQ0ZGMjQ4Q192aWRlb19kYXNoaW5pdC5tcDQVAALIARIAFQIYOnBhc3N0aHJvdWdoX2V2ZXJzdG9yZS9HSl9maENQVlU3QzlDb2NMQUNTMmNQVGFkdEk4YnN0VEFRQUYVAgLIARIAKAAYABsCiAd1c2Vfb2lsATEScHJvZ3Jlc3NpdmVfcmVjaXBlATEVAAAm8J6O66X-sgQVAigCQzMsF0AezMzMzMzNGBJkYXNoX2Jhc2VsaW5lXzFfdjERAHX-B2WWqQEA&_nc_tpa=Q5bMBQFu8Xaqy-VTBPCUVpsDmiPCDt9fFZL13AGyqokFIi5X52pthNakjD0LdRDNQgt2TWPwCf_akS93&oh=00_AfsizK4EMeZPAXuGy9qo5upAt1caTMtZEQAUg9mUr2rmbw&oe=698EDE0E; Instagram:https://scontent-iad3-1.cdninstagram.com/o1/v/t2/f2/m86/AQNBKwyQiKZVnyYGzz_5Ir6l4tSydW0UksFVcJjFd5eLN_PjId_adqekWcnOP0npwqnIVTLN7kqNrKW1j7f5VIlDh6ALGuZg3ulFCN8.mp4?_nc_cat=104&_nc_sid=5e9851&_nc_ht=scontent-iad3-1.cdninstagram.com&_nc_ohc=Na9MqtPWqPAQ7kNvwF7_ffz&efg=eyJ2ZW5jb2RlX3RhZyI6Inhwdl9wcm9ncmVzc2l2ZS5JTlNUQUdSQU0uQ0xJUFMuQzMuNzIwLmRhc2hfYmFzZWxpbmVfMV92MSIsInhwdl9hc3NldF9pZCI6MTU1MDQzNDkzMjk0MDc5NCwiYXNzZXRfYWdlX2RheXMiOjc1LCJ2aV91c2VjYXNlX2lkIjoxMDgyNywiZHVyYXRpb25fcyI6NywidXJsZ2VuX3NvdXJjZSI6Ind3dyJ9&ccb=17-1&vs=c9549701f3eb3026&_nc_vs=HBksFQIYUmlnX3hwdl9yZWVsc19wZXJtYW5lbnRfc3JfcHJvZC83NjQyRDhBNkQyODkzRjhCMDE3QUZBQThGNUYzRDBBOF92aWRlb19kYXNoaW5pdC5tcDQVAALIARIAFQIYOnBhc3N0aHJvdWdoX2V2ZXJzdG9yZS9HSTl3RENNN2RhLWdJenNFQUN3akp0QlpDa0JqYnN0VEFRQUYVAgLIARIAKAAYABsCiAd1c2Vfb2lsATEScHJvZ3Jlc3NpdmVfcmVjaXBlATEVAAAm9P_mtpiHwQUVAigCQzMsF0Ad3S8an753GBJkYXNoX2Jhc2VsaW5lXzFfdjERAHX-B2WWqQEA&_nc_gid=JEgHKVkwLioMHXpaBF4_Ig&edm=ANo9K5cEAAAA&_nc_zt=28&_nc_tpa=Q5bMBQHr4tlveI5tyUp1cgEOWhu9qXk8cQYhBzLGb1-Epl0VzTbDpW2q9Tx-YS1zVH3x5GIVqirDaXAl&oh=00_AftbkwGNyqEZphWvTehxzFMx81kklQdX7XU0dmMHEqwemw&oe=698F0699; Instagram:https://scontent-iad3-1.cdninstagram.com/o1/v/t2/f2/m86/AQNCsd1Ed92nROUwaOP9AZxWRaedXouqiE8AKW-pRt2Zi1ScryGc_183e8jpCAkMadgHMucmJeir4uaHoK3ZhN_-ymgqxDjigThgB4o.mp4?_nc_cat=101&_nc_sid=5e9851&_nc_ht=scontent-iad3-1.cdninstagram.com&_nc_ohc=Wp34eG5DZbAQ7kNvwHPlsM5&efg=eyJ2ZW5jb2RlX3RhZyI6Inhwdl9wcm9ncmVzc2l2ZS5JTlNUQUdSQU0uQ0xJUFMuQzMuNzIwLmRhc2hfYmFzZWxpbmVfMV92MSIsInhwdl9hc3NldF9pZCI6MTU5MDQ1MDQ0NTMzNDk5NCwiYXNzZXRfYWdlX2RheXMiOjM0LCJ2aV91c2VjYXNlX2lkIjoxMDA5OSwiZHVyYXRpb25fcyI6NjgsInVybGdlbl9zb3VyY2UiOiJ3d3cifQ%3D%3D&ccb=17-1&vs=59e78c2aa878f57d&_nc_vs=HBksFQIYUmlnX3hwdl9yZWVsc19wZXJtYW5lbnRfc3JfcHJvZC81OTRENzg5NDRDOEQ3QzRBMDI1NkU1ODE1QUIzNkI5QV92aWRlb19kYXNoaW5pdC5tcDQVAALIARIAFQIYOnBhc3N0aHJvdWdoX2V2ZXJzdG9yZS9HSmVPVnlRVlREb2ZlRjRDQUV0RHEyVG13UDF0YnN0VEFRQUYVAgLIARIAKAAYABsCiAd1c2Vfb2lsATEScHJvZ3Jlc3NpdmVfcmVjaXBlATEVAAAmpOednbOg0wUVAigCQzMsF0BRIhysCDEnGBJkYXNoX2Jhc2VsaW5lXzFfdjERAHX-B2XmnQEA&_nc_gid=JEgHKVkwLioMHXpaBF4_Ig&edm=ANo9K5cEAAAA&_nc_zt=28&_nc_tpa=Q5bMBQFXoxeU1LvX16kNJK_OdV8MYw1qQ3FsmZRKLD2vap6y87q2v6_uasnGdJ5uoN2JVPC3Qdaa-CiH&oh=00_AftwkwvNbbSKpF4MN6YFucwzX-k9WbXEYvaII3LaVaiRlA&oe=698EE8F6; Instagram:https://scontent-iad3-1.cdninstagram.com/o1/v/t2/f2/m86/AQNOSuWfkOcJOQwmcObRQTaKfQLxX_KGmQqZjPkW5o5bb8RptoyA0wrctGkZMomMZottpW9SBpVbUFUfImBw2UopOehd-s9gVGlshwU.mp4?_nc_cat=104&_nc_sid=5e9851&_nc_ht=scontent-iad3-1.cdninstagram.com&_nc_ohc=Gh6768iiH54Q7kNvwHAonKd&efg=eyJ2ZW5jb2RlX3RhZyI6Inhwdl9wcm9ncmVzc2l2ZS5JTlNUQUdSQU0uQ0xJUFMuQzMuNzIwLmRhc2hfYmFzZWxpbmVfMV92MSIsInhwdl9hc3NldF9pZCI6NDQ3OTgzMTQ5OTAwNjA2MywiYXNzZXRfYWdlX2RheXMiOjM5LCJ2aV91c2VjYXNlX2lkIjoxMDgyNywiZHVyYXRpb25fcyI6NywidXJsZ2VuX3NvdXJjZSI6Ind3dyJ9&ccb=17-1&vs=474b7bcd58fad4d4&_nc_vs=HBksFQIYUmlnX3hwdl9yZWVsc19wZXJtYW5lbnRfc3JfcHJvZC80NzQwOEQ0OEYyQTVBRkNCNEY5RkQyOEJBODRFRDVBNV92aWRlb19kYXNoaW5pdC5tcDQVAALIARIAFQIYOnBhc3N0aHJvdWdoX2V2ZXJzdG9yZS9HTG8yVVNUNmpWOS1yc01GQUFlNE12Rld1MXBkYnN0VEFRQUYVAgLIARIAKAAYABsCiAd1c2Vfb2lsATEScHJvZ3Jlc3NpdmVfcmVjaXBlATEVAAAm3oG30sGY9Q8VAigCQzMsF0Afdsi0OVgQGBJkYXNoX2Jhc2VsaW5lXzFfdjERAHX-B2WWqQEA&_nc_gid=JEgHKVkwLioMHXpaBF4_Ig&edm=ANo9K5cEAAAA&_nc_zt=28&_nc_tpa=Q5bMBQHufpe1xHw5ELC2e074LXcNtIqwS2saUTD0ywBq7Enw8hhAOEG1AL2HBCWbwVBuGyVBRTThJVk_&oh=00_AfsNGqTD9P-h81c-0B-TUpvda4il2pTDWIjOiNV9LoxRPw&oe=698EEE0D; Instagram:https://scontent-iad3-1.cdninstagram.com/o1/v/t2/f2/m86/AQNanHbFRPc8dWeSsWNshOp09mn9KYzWRSFM0DE9txZGlWoz-lb3SRlHbSkbZNa8taSyt2LT4D2kYDCuE2emGrDyIkQBKyPXwoxwx_U.mp4?_nc_cat=110&_nc_sid=5e9851&_nc_ht=scontent-iad3-1.cdninstagram.com&_nc_ohc=iR2b4fy1bEsQ7kNvwHZw5dX&efg=eyJ2ZW5jb2RlX3RhZyI6Inhwdl9wcm9ncmVzc2l2ZS5JTlNUQUdSQU0uQ0xJUFMuQzMuNzIwLmRhc2hfYmFzZWxpbmVfMV92MSIsInhwdl9hc3NldF9pZCI6MTM3MTIzNDI0ODA4MTM2NywiYXNzZXRfYWdlX2RheXMiOjQ3LCJ2aV91c2VjYXNlX2lkIjoxMDgyNywiZHVyYXRpb25fcyI6NSwidXJsZ2VuX3NvdXJjZSI6Ind3dyJ9&ccb=17-1&_nc_gid=JEgHKVkwLioMHXpaBF4_Ig&edm=ANo9K5cEAAAA&_nc_zt=28&vs=babda0cc6ab693fc&_nc_vs=HBksFQIYUmlnX3hwdl9yZWVsc19wZXJtYW5lbnRfc3JfcHJvZC81QjQ2Rjc2MDU4MzNCMTM3NDhGREE4QTIzODEyRDc5QV92aWRlb19kYXNoaW5pdC5tcDQVAALIARIAFQIYOnBhc3N0aHJvdWdoX2V2ZXJzdG9yZS9HQ3Y2Q2lScVdCdmlnamtJQUJLUHpnbi03SVFlYnN0VEFRQUYVAgLIARIAKAAYABsCiAd1c2Vfb2lsATEScHJvZ3Jlc3NpdmVfcmVjaXBlATEVAAAmrv-VpKvI7wQVAigCQzMsF0AXdsi0OVgQGBJkYXNoX2Jhc2VsaW5lXzFfdjERAHX-B2WWqQEA&_nc_tpa=Q5bMBQH8Dayfu08wJGpIMC2pTE7JKxEwrR_xlMM6eRHIIPxNqT64SgIFrjn5N7K_rFUJIlsWQH7Wfunt&oh=00_AftiOCfxZ0pdf6tfjXDpgsqW8eAhvJHkOlXwOc9Ob3dm9g&oe=698EDE33; Instagram:https://scontent-iad3-1.cdninstagram.com/o1/v/t2/f2/m86/AQNeuj4ui_Gkhzp_VTw0MVpXnBN4PtVYnSQ8eT4nJNHTJIoXcySMoDeImf44xGhEpNs1PPc3dFgu1jgw-YKCuimX-iWC_fh_cq9xs8Y.mp4?_nc_cat=109&_nc_sid=5e9851&_nc_ht=scontent-iad3-1.cdninstagram.com&_nc_ohc=F7nb4w0tY-8Q7kNvwGAefE_&efg=eyJ2ZW5jb2RlX3RhZyI6Inhwdl9wcm9ncmVzc2l2ZS5JTlNUQUdSQU0uQ0xJUFMuQzMuNzIwLmRhc2hfYmFzZWxpbmVfMV92MSIsInhwdl9hc3NldF9pZCI6MTc5MDY2MjQ0MzMzNDUwMTAsImFzc2V0X2FnZV9kYXlzIjowLCJ2aV91c2VjYXNlX2lkIjoxMDA5OSwiZHVyYXRpb25fcyI6MTgsInVybGdlbl9zb3VyY2UiOiJ3d3cifQ%3D%3D&ccb=17-1&_nc_gid=JEgHKVkwLioMHXpaBF4_Ig&edm=ANo9K5cEAAAA&_nc_zt=28&vs=33c5c9699f45f899&_nc_vs=HBksFQIYUmlnX3hwdl9yZWVsc19wZXJtYW5lbnRfc3JfcHJvZC8yQzRDMTgxM0U4NDI0NUM4MTFGOEY1RUE2MUQ1MDdBRl92aWRlb19kYXNoaW5pdC5tcDQVAALIARIAFQIYUWlnX3hwdl9wbGFjZW1lbnRfcGVybWFuZW50X3YyL0M2NDg4NEFBNjgzQTYwOUJGRjgwMDFCOURENjc1N0FDX2F1ZGlvX2Rhc2hpbml0Lm1wNBUCAsgBEgAoABgAGwKIB3VzZV9vaWwBMRJwcm9ncmVzc2l2ZV9yZWNpcGUBMRUAACbkx87H3P7OPxUCKAJDMywXQDLEGJN0vGoYEmRhc2hfYmFzZWxpbmVfMV92MREAdf4HZeadAQA&_nc_tpa=Q5bMBQH3u7ynxqJapyUne3Yq8x3iItDw5rFLmzfXoe7Q00pF17jkQl7vAG7gEaweCs4BqecAApv3bITd&oh=00_AfvjClxzVf5a14AA0fxqcCnKVIFd6SdMIsAVf70Xna0juA&oe=698EE5FA; Instagram:https://scontent-iad3-1.cdninstagram.com/o1/v/t2/f2/m86/AQNjyVuLZD3FSjsFD7YEitpBi7y9lO2D3fuYJl_IkeugkY_N8KHyZ1HcGT1GXYNZkDv9QHJRO-TtPwATkjxRy-HLRGoslodkQKX1CMw.mp4?_nc_cat=110&_nc_sid=5e9851&_nc_ht=scontent-iad3-1.cdninstagram.com&_nc_ohc=XHQGfGldbcYQ7kNvwE1mH7G&efg=eyJ2ZW5jb2RlX3RhZyI6Inhwdl9wcm9ncmVzc2l2ZS5JTlNUQUdSQU0uQ0xJUFMuQzMuNzIwLmRhc2hfYmFzZWxpbmVfMV92MSIsInhwdl9hc3NldF9pZCI6MjUzODEyNDIxNDQ4NDk5NDksImFzc2V0X2FnZV9kYXlzIjo3NCwidmlfdXNlY2FzZV9pZCI6MTA4MjcsImR1cmF0aW9uX3MiOjEzLCJ1cmxnZW5fc291cmNlIjoid3d3In0%3D&ccb=17-1&vs=caa7630ccd7bea66&_nc_vs=HBksFQIYUmlnX3hwdl9yZWVsc19wZXJtYW5lbnRfc3JfcHJvZC9ERTQwNDMwMTYzNzNCQ0JGNTQzRUYyRDg1REQ2REM4Ql92aWRlb19kYXNoaW5pdC5tcDQVAALIARIAFQIYOnBhc3N0aHJvdWdoX2V2ZXJzdG9yZS9HQVR0VXlPcHZPeHE1eXNFQUNJT1Zndi1TcGtPYnN0VEFRQUYVAgLIARIAKAAYABsCiAd1c2Vfb2lsATEScHJvZ3Jlc3NpdmVfcmVjaXBlATEVAAAmuoCEoN6GlloVAigCQzMsF0AqMzMzMzMzGBJkYXNoX2Jhc2VsaW5lXzFfdjERAHX-B2WWqQEA&_nc_gid=JEgHKVkwLioMHXpaBF4_Ig&edm=ANo9K5cEAAAA&_nc_zt=28&_nc_tpa=Q5bMBQFM6_z20yZ9wNV9pY_bdjO6cTgcuOr3nl-geY7hAE-4820rPt74BAdwWwSDXNeHlbfMQ0K2t6Ox&oh=00_AfuXowNDTz3-AZ-TvfELZ4QJUF6HN0XsJMW9tjlmuKdzbQ&oe=698EDA87; Instagram:https://scontent-iad3-1.cdninstagram.com/o1/v/t2/f2/m86/AQOOsFzs8W4BjYyVgR81rrdx0lxgcNXCo1DY2mfE0shYW1RD4j7KHzmQoTK9O3AFMmTbEvldNAlH2_a77izMy_ptGIhNCnLXaaqnzH8.mp4?_nc_cat=108&_nc_sid=5e9851&_nc_ht=scontent-iad3-1.cdninstagram.com&_nc_ohc=l-d64wsEFCwQ7kNvwFe9KL3&efg=eyJ2ZW5jb2RlX3RhZyI6Inhwdl9wcm9ncmVzc2l2ZS5JTlNUQUdSQU0uQ0xJUFMuQzMuNzIwLmRhc2hfYmFzZWxpbmVfMV92MSIsInhwdl9hc3NldF9pZCI6ODg3Njc0ODMwMzY3Njk1LCJhc3NldF9hZ2VfZGF5cyI6NDcsInZpX3VzZWNhc2VfaWQiOjEwMDk5LCJkdXJhdGlvbl9zIjozOCwidXJsZ2VuX3NvdXJjZSI6Ind3dyJ9&ccb=17-1&vs=ee803828c9eb1780&_nc_vs=HBksFQIYUmlnX3hwdl9yZWVsc19wZXJtYW5lbnRfc3JfcHJvZC84NDQyMzRGOUFFQ0VBRTQ2MzBENjQyRkY4MTczMkFBN192aWRlb19kYXNoaW5pdC5tcDQVAALIARIAFQIYR2lnX3hwdl9yZWVsc19wZXJtYW5lbnRfc3JfcHJvZC8xMTU3MDI0MTkzMjYzNTA5Xzg2OTMzNDAwMzg4Njk4Njk1MzAubXA0FQICyAESACgAGAAbAogHdXNlX29pbAExEnByb2dyZXNzaXZlX3JlY2lwZQExFQAAJp6vhe-81ZMDFQIoAkMzLBdAQ2qfvnbItBgSZGFzaF9iYXNlbGluZV8xX3YxEQB1_gdl5p0BAA&_nc_gid=JEgHKVkwLioMHXpaBF4_Ig&edm=ANo9K5cEAAAA&_nc_zt=28&_nc_tpa=Q5bMBQFtA0WS6LvK7IwCi_PtjzrGymZjMWkCEioaOU3u_7VsI6vWVEPlIFB3UKV4oHoLDKO1kkUc-vi8&oh=00_AfsMca1BVDeyruvJRVxFeoL7CCKeUcGlpNv2ReFyLG2-CQ&oe=698EFFBD; Instagram:https://scontent-iad3-1.cdninstagram.com/o1/v/t2/f2/m86/AQOSRKxSXLFaFEGp_GkAezDdsS_-MGrTd5Pa3hjL19dMhSuOlU1dPzdm1geZhoI_JMepY1PCD2f27xkP0TkfSm1_2iJWPICeFiKxXB8.mp4?_nc_cat=107&_nc_sid=5e9851&_nc_ht=scontent-iad3-1.cdninstagram.com&_nc_ohc=ITWMkZiEm9kQ7kNvwEe8lA-&efg=eyJ2ZW5jb2RlX3RhZyI6Inhwdl9wcm9ncmVzc2l2ZS5JTlNUQUdSQU0uQ0xJUFMuQzMuNzIwLmRhc2hfYmFzZWxpbmVfMV92MSIsInhwdl9hc3NldF9pZCI6MTM1MTgzNTc4MzA4NjI1NiwiYXNzZXRfYWdlX2RheXMiOjUzLCJ2aV91c2VjYXNlX2lkIjoxMDA5OSwiZHVyYXRpb25fcyI6NzUsInVybGdlbl9zb3VyY2UiOiJ3d3cifQ%3D%3D&ccb=17-1&_nc_gid=JEgHKVkwLioMHXpaBF4_Ig&edm=ANo9K5cEAAAA&_nc_zt=28&vs=cc6528cf949bfc13&_nc_vs=HBksFQIYUmlnX3hwdl9yZWVsc19wZXJtYW5lbnRfc3JfcHJvZC9BNTQ1MUJBOUJFRkM1RTIzRkExRDA5RjU5RjA4Qjc4RF92aWRlb19kYXNoaW5pdC5tcDQVAALIARIAFQIYR2lnX3hwdl9yZWVsc19wZXJtYW5lbnRfc3JfcHJvZC8xMDgwMDc1NTQ3NDk2NzA0Xzc2MTQ4MTgzMTE3MjY2OTcyMTIubXA0FQICyAESACgAGAAbAogHdXNlX29pbAExEnByb2dyZXNzaXZlX3JlY2lwZQExFQAAJuCCqrqZ3-YEFQIoAkMzLBdAUsAAAAAAABgSZGFzaF9iYXNlbGluZV8xX3YxEQB1_gdl5p0BAA&_nc_tpa=Q5bMBQFlz4cvcgvgO9UqsO7etGnZG35wnYfU_FoNIxHrXzkde59K0-rV6boebBcWs91_U6CKyLz-HPqE&oh=00_AftIsXeYubqnLLer8qHepyaJsGtv4PbbFfrApPvCL5r4Pw&oe=698EF2B4; Instagram:https://scontent-iad3-1.cdninstagram.com/o1/v/t2/f2/m86/AQOa1jaJ2fSEByu2jWNs_jeHuveKlkoHU10qVLM78VsmuqaovzmNqkikFr9Qbo_5DtBRFWVLUqO7h2-p_BAC3sT7VsP0PNZMTePkSQY.mp4?_nc_cat=107&_nc_sid=5e9851&_nc_ht=scontent-iad3-1.cdninstagram.com&_nc_ohc=W8F4wY-mFOUQ7kNvwE8O_5C&efg=eyJ2ZW5jb2RlX3RhZyI6Inhwdl9wcm9ncmVzc2l2ZS5JTlNUQUdSQU0uQ0xJUFMuQzMuNzIwLmRhc2hfYmFzZWxpbmVfMV92MSIsInhwdl9hc3NldF9pZCI6MTI0MDU3OTAxNzk0NTQyNywiYXNzZXRfYWdlX2RheXMiOjIyLCJ2aV91c2VjYXNlX2lkIjoxMDgyNywiZHVyYXRpb25fcyI6NTYsInVybGdlbl9zb3VyY2UiOiJ3d3cifQ%3D%3D&ccb=17-1&vs=7c35a95a9905145e&_nc_vs=HBksFQIYUmlnX3hwdl9yZWVsc19wZXJtYW5lbnRfc3JfcHJvZC9DNjQzNzE0ODFEQUQ5OUFFMTlBQjMzNUQ3ODJBMUNBMF92aWRlb19kYXNoaW5pdC5tcDQVAALIARIAFQIYUWlnX3hwdl9wbGFjZW1lbnRfcGVybWFuZW50X3YyLzkzNDg2MkVEQUMzMjQ0NEQyQjRFQjQwQ0Y2OUQ2RUI1X2F1ZGlvX2Rhc2hpbml0Lm1wNBUCAsgBEgAoABgAGwKIB3VzZV9vaWwBMRJwcm9ncmVzc2l2ZV9yZWNpcGUBMRUAACamxfH6mZO0BBUCKAJDMywXQExmZmZmZmYYEmRhc2hfYmFzZWxpbmVfMV92MREAdf4HZZapAQA&_nc_gid=JEgHKVkwLioMHXpaBF4_Ig&edm=ANo9K5cEAAAA&_nc_zt=28&_nc_tpa=Q5bMBQFtwtMfbacvMl1IaQXppnKO5b-_4ermWNof_VZH0jDMs5SBkRR78VFY5wLzjIrFHpyWnc3I0lBt&oh=00_AfurtD_ff0YzyqPe1gACxsInsbMsp2ublWiEalP-qOf1iQ&oe=698EDCCC; Instagram:https://scontent-iad3-1.cdninstagram.com/o1/v/t2/f2/m86/AQOai1wTR-wKwUBngoXBe9cl_Gb-002MXnibj_z71QJM1VCQ1tbawF5ObDau0rl-9azjAWdYYbKbtT8SNcZ0xGYa_QygJyDe1a-FBeo.mp4?_nc_cat=108&_nc_sid=5e9851&_nc_ht=scontent-iad3-1.cdninstagram.com&_nc_ohc=7z3dacheJ00Q7kNvwETd-sw&efg=eyJ2ZW5jb2RlX3RhZyI6Inhwdl9wcm9ncmVzc2l2ZS5JTlNUQUdSQU0uQ0xJUFMuQzMuNzIwLmRhc2hfYmFzZWxpbmVfMV92MSIsInhwdl9hc3NldF9pZCI6MTE5NTQ1MDk4MjUzNTE5MCwiYXNzZXRfYWdlX2RheXMiOjU1LCJ2aV91c2VjYXNlX2lkIjoxMDgyNywiZHVyYXRpb25fcyI6MTcsInVybGdlbl9zb3VyY2UiOiJ3d3cifQ%3D%3D&ccb=17-1&vs=b3656a3332fa08ef&_nc_vs=HBksFQIYUmlnX3hwdl9yZWVsc19wZXJtYW5lbnRfc3JfcHJvZC80QTQ2NzlDMzk4RkIwODk0NDdGNzY5REJEQjI3MUVBRl92aWRlb19kYXNoaW5pdC5tcDQVAALIARIAFQIYOnBhc3N0aHJvdWdoX2V2ZXJzdG9yZS9HRWI4emlNZzJhMEExY3dQQU9ISVZQM2V3R0JnYnN0VEFRQUYVAgLIARIAKAAYABsCiAd1c2Vfb2lsATEScHJvZ3Jlc3NpdmVfcmVjaXBlATEVAAAmrMDI8rPQnwQVAigCQzMsF0AxZmZmZmZmGBJkYXNoX2Jhc2VsaW5lXzFfdjERAHX-B2WWqQEA&_nc_gid=JEgHKVkwLioMHXpaBF4_Ig&edm=ANo9K5cEAAAA&_nc_zt=28&_nc_tpa=Q5bMBQFAM-zWjqS3Um1gdjtBdb1pIkCCg5Hv4KfyfmO-XhEuCUqDkLWEx6ypGmP8cv6xRJy9XhYpniF0&oh=00_Afu25HxKe6Xd24od0ctLC8PE68ob33MPTWQYrMNFpn4QYw&oe=698F0F6D; Instagram:https://scontent-iad3-1.cdninstagram.com/o1/v/t2/f2/m86/AQPOGUATcZ-fQHusD8D-ocsZJN-rzdYEhtrlJzsgajTh571bMui9IJ-T-4hlbQ8XvCwXV8fjxh-2Joj0W3TseOSK7vKy67CM_8q9i3M.mp4?_nc_cat=110&_nc_sid=5e9851&_nc_ht=scontent-iad3-1.cdninstagram.com&_nc_ohc=oeVPuP872PMQ7kNvwEBUV12&efg=eyJ2ZW5jb2RlX3RhZyI6Inhwdl9wcm9ncmVzc2l2ZS5JTlNUQUdSQU0uQ0xJUFMuQzMuNzIwLmRhc2hfYmFzZWxpbmVfMV92MSIsInhwdl9hc3NldF9pZCI6MTc5MDYwMTExMjUzNDUwMTAsImFzc2V0X2FnZV9kYXlzIjo0LCJ2aV91c2VjYXNlX2lkIjoxMDA5OSwiZHVyYXRpb25fcyI6MTQsInVybGdlbl9zb3VyY2UiOiJ3d3cifQ%3D%3D&ccb=17-1&vs=517e8922083b7283&_nc_vs=HBksFQIYUmlnX3hwdl9yZWVsc19wZXJtYW5lbnRfc3JfcHJvZC8wNTQ1OUVENzY3QzVBOUJGOTFEQkQwQjBGM0UxN0VBOV92aWRlb19kYXNoaW5pdC5tcDQVAALIARIAFQIYUWlnX3hwdl9wbGFjZW1lbnRfcGVybWFuZW50X3YyLzQ2NDRGNEYwRUVGN0U0MDE3MjcwQkVBOTc3NDQxNzhFX2F1ZGlvX2Rhc2hpbml0Lm1wNBUCAsgBEgAoABgAGwKIB3VzZV9vaWwBMRJwcm9ncmVzc2l2ZV9yZWNpcGUBMRUAACbkq8OHg9vOPxUCKAJDMywXQC2ZmZmZmZoYEmRhc2hfYmFzZWxpbmVfMV92MREAdf4HZeadAQA&_nc_gid=JEgHKVkwLioMHXpaBF4_Ig&edm=ANo9K5cEAAAA&_nc_zt=28&_nc_tpa=Q5bMBQFd8u2C3GP2iULU-B_Sl_a4xyY656RTZDTafu_3CWmOsTcl7PLISl-odGY2-vqviEJ3xZQiiHMA&oh=00_AfveHs82VprkckWsmBfaCuyUUu6T1xGhlWdkeep-861Zuw&oe=698EE1C3; Instagram:https://scontent-iad3-1.cdninstagram.com/o1/v/t2/f2/m86/AQPPPzNxRjsejM7Va3xhH5jIv1xcp9raaEIBEEjJNWEMrpXKkLA68RaIuWNVvMprfzzGTEJ0RIZ43ugvRzrjSkEFBX9PTGJDBRn65H0.mp4?_nc_cat=101&_nc_sid=5e9851&_nc_ht=scontent-iad3-1.cdninstagram.com&_nc_ohc=TU_ZAPfw6yAQ7kNvwEZ72tc&efg=eyJ2ZW5jb2RlX3RhZyI6Inhwdl9wcm9ncmVzc2l2ZS5JTlNUQUdSQU0uQ0xJUFMuQzMuNzIwLmRhc2hfYmFzZWxpbmVfMV92MSIsInhwdl9hc3NldF9pZCI6MTc5MDU1MjE0NjgzNDUwMTAsImFzc2V0X2FnZV9kYXlzIjo4LCJ2aV91c2VjYXNlX2lkIjoxMDgyNywiZHVyYXRpb25fcyI6MzgsInVybGdlbl9zb3VyY2UiOiJ3d3cifQ%3D%3D&ccb=17-1&vs=65a871df4ed1c902&_nc_vs=HBksFQIYUmlnX3hwdl9yZWVsc19wZXJtYW5lbnRfc3JfcHJvZC81MzQyMEFBQjk0QkQ5QkQyQjQ1MjYzMjMxRTE0QjQ5Rl92aWRlb19kYXNoaW5pdC5tcDQVAALIARIAFQIYUWlnX3hwdl9wbGFjZW1lbnRfcGVybWFuZW50X3YyLzc4NEU1RTk0NzcxQzQyODQxRDlFN0U1MTQ1ODdEMzlEX2F1ZGlvX2Rhc2hpbml0Lm1wNBUCAsgBEgAoABgAGwKIB3VzZV9vaWwBMRJwcm9ncmVzc2l2ZV9yZWNpcGUBMRUAACbkqpzqwr7OPxUCKAJDMywXQEMVP3ztkWgYEmRhc2hfYmFzZWxpbmVfMV92MREAdf4HZZapAQA&_nc_gid=JEgHKVkwLioMHXpaBF4_Ig&edm=ANo9K5cEAAAA&_nc_zt=28&_nc_tpa=Q5bMBQE-Z6tdjrio8oWsSYhOMxn-mG-VIWSPlLQ3ZjvZUPzQeg0H48ZpetSX2MdRRrxcIvZxqAjQfKgg&oh=00_AftBDHVhj_7EZNt3EohsX-wzqSQamWDJhkf4tWV_3hlhcQ&oe=698F03B6; Instagram:https://scontent-iad3-1.cdninstagram.com/o1/v/t2/f2/m86/AQPfKRiwApnR7iJAQxQ90rJan5xkY_WzyFF0tq6t66Cza29gZwjAptN1zvP2jcnzO1M2dlF2dun5rmdFq_Eo0gtXWkU-c3XkMJZlpgo.mp4?_nc_cat=110&_nc_sid=5e9851&_nc_ht=scontent-iad3-1.cdninstagram.com&_nc_ohc=gMuD93l15w0Q7kNvwE9veSu&efg=eyJ2ZW5jb2RlX3RhZyI6Inhwdl9wcm9ncmVzc2l2ZS5JTlNUQUdSQU0uQ0xJUFMuQzMuNzIwLmRhc2hfYmFzZWxpbmVfMV92MSIsInhwdl9hc3NldF9pZCI6MTc5MDQ5MzQ5NTkzNDUwMTAsImFzc2V0X2FnZV9kYXlzIjoxMiwidmlfdXNlY2FzZV9pZCI6MTAwOTksImR1cmF0aW9uX3MiOjMwLCJ1cmxnZW5fc291cmNlIjoid3d3In0%3D&ccb=17-1&vs=40fed8eb7936cf8e&_nc_vs=HBksFQIYUmlnX3hwdl9yZWVsc19wZXJtYW5lbnRfc3JfcHJvZC9FMDQ1RUJDNTIwRjYyREY1MDA4MUY4N0UzOUY3NTM4MV92aWRlb19kYXNoaW5pdC5tcDQVAALIARIAFQIYUWlnX3hwdl9wbGFjZW1lbnRfcGVybWFuZW50X3YyLzc4NDJEODIyRUExMThCOUYyNkZBRDM1RjJEMzhBRDhEX2F1ZGlvX2Rhc2hpbml0Lm1wNBUCAsgBEgAoABgAGwKIB3VzZV9vaWwBMRJwcm9ncmVzc2l2ZV9yZWNpcGUBMRUAACbktdP_sJzOPxUCKAJDMywXQD53S8an754YEmRhc2hfYmFzZWxpbmVfMV92MREAdf4HZeadAQA&_nc_gid=JEgHKVkwLioMHXpaBF4_Ig&edm=ANo9K5cEAAAA&_nc_zt=28&_nc_tpa=Q5bMBQFF8fo3A51nXV_xAkM3tPfFgBdDK29_CqU7KotG70P7RRRvd15t7HJjSuGL0M_7LVswl0FFtx38&oh=00_AfuJ7a2vjiVaLfQPP89H-Fu_hSaGmZWbSc8_Gam7apGhlw&oe=698F0493; Instagram:https://scontent-iad3-1.cdninstagram.com/o1/v/t2/f2/m86/AQPl3DCCuuvo32zB2dgetf9c29HCZzTkK5uWpeAxb6y3o9O1Or5V6-r6r_8NhpprPK214mkyyAzGMlEETfTjhlqfrm9Hlx7dotXIOys.mp4?_nc_cat=110&_nc_sid=5e9851&_nc_ht=scontent-iad3-1.cdninstagram.com&_nc_ohc=XAu_hcpD5ZQQ7kNvwFkPSDL&efg=eyJ2ZW5jb2RlX3RhZyI6Inhwdl9wcm9ncmVzc2l2ZS5JTlNUQUdSQU0uQ0xJUFMuQzMuNzIwLmRhc2hfYmFzZWxpbmVfMV92MSIsInhwdl9hc3NldF9pZCI6ODYxNDM5NDkzMTM5MDgwLCJhc3NldF9hZ2VfZGF5cyI6NjUsInZpX3VzZWNhc2VfaWQiOjEwMDk5LCJkdXJhdGlvbl9zIjoxMiwidXJsZ2VuX3NvdXJjZSI6Ind3dyJ9&ccb=17-1&_nc_gid=JEgHKVkwLioMHXpaBF4_Ig&edm=ANo9K5cEAAAA&_nc_zt=28&vs=17a56ac5db36c9db&_nc_vs=HBksFQIYUmlnX3hwdl9yZWVsc19wZXJtYW5lbnRfc3JfcHJvZC85RTRGNjE3MUNERTBBRUVDNkI5ODFDODczMkE2NzNCQV92aWRlb19kYXNoaW5pdC5tcDQVAALIARIAFQIYOnBhc3N0aHJvdWdoX2V2ZXJzdG9yZS9HRzREa1NQaVl6aGxDaGtEQUJCYm45NmgtUmdJYnN0VEFRQUYVAgLIARIAKAAYABsCiAd1c2Vfb2lsATEScHJvZ3Jlc3NpdmVfcmVjaXBlATEVAAAmkKrfr7DehwMVAigCQzMsF0AomZmZmZmaGBJkYXNoX2Jhc2VsaW5lXzFfdjERAHX-B2XmnQEA&_nc_tpa=Q5bMBQEZEL4DSlpoaMI8xsIDljLjxTVZAHUlkP0O5jHKc4PUlzIF1c4_2BwT-TpNrDOJEU5li9zIppwq&oh=00_Afu1NnljoKf4Nf9Z485vVuWBL9OupjfW0pkQagfoi4smzw&oe=698F0D03; Instagram:https://scontent-iad3-1.cdninstagram.com/o1/v/t2/f2/m86/AQPwpdSyPfKdKFUNw9W9Vil2rWMfakpaR3vt-bJxCc4PprKsi1YW7D-IbaocmomqgqFHXn-egy3ERdnRJpZgQpktkwcZx5lz01pqTLQ.mp4?_nc_cat=101&_nc_sid=5e9851&_nc_ht=scontent-iad3-1.cdninstagram.com&_nc_ohc=RRcdBLDc9i4Q7kNvwFLgB90&efg=eyJ2ZW5jb2RlX3RhZyI6Inhwdl9wcm9ncmVzc2l2ZS5JTlNUQUdSQU0uQ0xJUFMuQzMuNzIwLmRhc2hfYmFzZWxpbmVfMV92MSIsInhwdl9hc3NldF9pZCI6ODY5NzE4MjE5MDM5OTEwLCJhc3NldF9hZ2VfZGF5cyI6MzcsInZpX3VzZWNhc2VfaWQiOjEwODI3LCJkdXJhdGlvbl9zIjozNSwidXJsZ2VuX3NvdXJjZSI6Ind3dyJ9&ccb=17-1&_nc_gid=JEgHKVkwLioMHXpaBF4_Ig&edm=ANo9K5cEAAAA&_nc_zt=28&vs=39e05ba950c0e17f&_nc_vs=HBksFQIYUmlnX3hwdl9yZWVsc19wZXJtYW5lbnRfc3JfcHJvZC85NTRBNjE0OUQwRDE2QzlFMUMyMzQxNUE2MDU4MzhBNV92aWRlb19kYXNoaW5pdC5tcDQVAALIARIAFQIYOnBhc3N0aHJvdWdoX2V2ZXJzdG9yZS9HSjFLYUNSb3hDVnlEWlFGQUgySDZ4a1VyRFoxYnN0VEFRQUYVAgLIARIAKAAYABsCiAd1c2Vfb2lsATEScHJvZ3Jlc3NpdmVfcmVjaXBlATEVAAAmzJKB2KHAiwMVAigCQzMsF0BBzMzMzMzNGBJkYXNoX2Jhc2VsaW5lXzFfdjERAHX-B2WWqQEA&_nc_tpa=Q5bMBQH_HHydcv2hosYaKARkq_KmtX6dvX2GuHy0wZWwRVWB-c_KiLbuSMgcutWaBv3RMiXaISrNMh1x&oh=00_AfvLLl9zNas_4F3Id3cTI8WrAMDyfok2Tc_xrT6lRt9ZKA&oe=698EDCAA; Instagram:https://scontent-iad3-2.cdninstagram.com/o1/v/t2/f2/m86/AQMJRLFjlLKwNczinF6hTE-qcTjg8qkh0ZhzK5RIkC9nNYpMcluSvtH2mccxt2riAh8HWqbuUAuUOmkWNnmt2NNcsu7aVwfp2XsLzz8.mp4?_nc_cat=111&_nc_sid=5e9851&_nc_ht=scontent-iad3-2.cdninstagram.com&_nc_ohc=cx18Bd4SIFwQ7kNvwGhuaSz&efg=eyJ2ZW5jb2RlX3RhZyI6Inhwdl9wcm9ncmVzc2l2ZS5JTlNUQUdSQU0uQ0xJUFMuQzMuNzIwLmRhc2hfYmFzZWxpbmVfMV92MSIsInhwdl9hc3NldF9pZCI6MTc5MDU2MjMyMTYzNDUwMTAsImFzc2V0X2FnZV9kYXlzIjo3LCJ2aV91c2VjYXNlX2lkIjoxMDgyNywiZHVyYXRpb25fcyI6NDEsInVybGdlbl9zb3VyY2UiOiJ3d3cifQ%3D%3D&ccb=17-1&vs=23471461394c663f&_nc_vs=HBksFQIYUmlnX3hwdl9yZWVsc19wZXJtYW5lbnRfc3JfcHJvZC8wMTRBNTFCRjI4QjIyRjQ3Njg4NzdERTFFOEM4MjI4NF92aWRlb19kYXNoaW5pdC5tcDQVAALIARIAFQIYUWlnX3hwdl9wbGFjZW1lbnRfcGVybWFuZW50X3YyLzc2NDA1MDQ5MDVBRkI3QkQxRjAwNUQzMUFDQkVFMUE0X2F1ZGlvX2Rhc2hpbml0Lm1wNBUCAsgBEgAoABgAGwKIB3VzZV9vaWwBMRJwcm9ncmVzc2l2ZV9yZWNpcGUBMRUAACbkvtb0uMTOPxUCKAJDMywXQETEOVgQYk4YEmRhc2hfYmFzZWxpbmVfMV92MREAdf4HZZapAQA&_nc_gid=JEgHKVkwLioMHXpaBF4_Ig&edm=ANo9K5cEAAAA&_nc_zt=28&_nc_tpa=Q5bMBQGnMsGBODbEPzL-2VxtDrUS1w39RkH5dHx5r7TJH67JRB96DlMD8to4ucg5sbVs_aM8UFYUXPeF&oh=00_AftuL3vmbgRYIn9Nts618HOBSlQT1GjhtyRxLXy614yOGA&oe=698EDE8C; Instagram:https://scontent-iad3-2.cdninstagram.com/o1/v/t2/f2/m86/AQMO-HFm7rOJxuwg8DZQLZ_QtOVAyr_YZznxOwpDNv1_hypR2t2TJZG4Wv5Kl6Dk1aMFyogNm96se9Xv4pMwn5TuFeEEeLOwvKLukW4.mp4?_nc_cat=100&_nc_sid=5e9851&_nc_ht=scontent-iad3-2.cdninstagram.com&_nc_ohc=T-fb5L7OSMwQ7kNvwH7y0lH&efg=eyJ2ZW5jb2RlX3RhZyI6Inhwdl9wcm9ncmVzc2l2ZS5JTlNUQUdSQU0uQ0xJUFMuQzMuNzIwLmRhc2hfYmFzZWxpbmVfMV92MSIsInhwdl9hc3NldF9pZCI6MTYxMjM4MTI3MzEwMDkwNywiYXNzZXRfYWdlX2RheXMiOjI4LCJ2aV91c2VjYXNlX2lkIjoxMDgyNywiZHVyYXRpb25fcyI6NTEsInVybGdlbl9zb3VyY2UiOiJ3d3cifQ%3D%3D&ccb=17-1&_nc_gid=JEgHKVkwLioMHXpaBF4_Ig&edm=ANo9K5cEAAAA&_nc_zt=28&vs=d9b5a7dab68a1f60&_nc_vs=HBksFQIYUmlnX3hwdl9yZWVsc19wZXJtYW5lbnRfc3JfcHJvZC8zNjRGQTA0NjUxMEIwRDE3QTY4ODI1NUE3MjhFQURCRF92aWRlb19kYXNoaW5pdC5tcDQVAALIARIAFQIYOnBhc3N0aHJvdWdoX2V2ZXJzdG9yZS9HRGY3bENSbWRoRjQtZ2NEQUVnNFJUc0lXbTlYYnN0VEFRQUYVAgLIARIAKAAYABsCiAd1c2Vfb2lsATEScHJvZ3Jlc3NpdmVfcmVjaXBlATEVAAAm1sm00Pic3QUVAigCQzMsF0BJ0QYk3S8bGBJkYXNoX2Jhc2VsaW5lXzFfdjERAHX-B2WWqQEA&_nc_tpa=Q5bMBQEm6qN94YtTz-aK9qxiyH9qQex6jNiCYZ_AgKx6AKcg3zJREoZCmKbTGmR_Cb6GnBwl1_TfYyeh&oh=00_AfsERU5xtvtKbsf-eQOyXD85tnsAHgPfeJr8MJ2vm5BsHA&oe=698EF3D1; Instagram:https://scontent-iad3-2.cdninstagram.com/o1/v/t2/f2/m86/AQMn1AhQp1HzpKPvun52fshEgo8v-cCYax84l8Ul4cuwioG-ZvWBmUOWTuN5tps_ZH9s8L-gv6ZQ_6CYCJ-EjGiiFXL5Sxk5PMwM5T4.mp4?_nc_cat=103&_nc_sid=5e9851&_nc_ht=scontent-iad3-2.cdninstagram.com&_nc_ohc=WHhzEx6BKZ8Q7kNvwGdC-zF&efg=eyJ2ZW5jb2RlX3RhZyI6Inhwdl9wcm9ncmVzc2l2ZS5JTlNUQUdSQU0uQ0xJUFMuQzMuNzIwLmRhc2hfYmFzZWxpbmVfMV92MSIsInhwdl9hc3NldF9pZCI6NzAyNjc5NzkyNTY0MTUzLCJhc3NldF9hZ2VfZGF5cyI6NzIsInZpX3VzZWNhc2VfaWQiOjEwMDk5LCJkdXJhdGlvbl9zIjo2LCJ1cmxnZW5fc291cmNlIjoid3d3In0%3D&ccb=17-1&vs=caaeff0088b2e847&_nc_vs=HBksFQIYUmlnX3hwdl9yZWVsc19wZXJtYW5lbnRfc3JfcHJvZC9GODQ5RUM1NTFGNkUxNEQwMjlCMDgyMjFGOTZBMjk4Q192aWRlb19kYXNoaW5pdC5tcDQVAALIARIAFQIYOnBhc3N0aHJvdWdoX2V2ZXJzdG9yZS9HQVBPUFNQel9FTXdPRUlFQUVsQnRiSUVSLXhFYnN0VEFRQUYVAgLIARIAKAAYABsCiAd1c2Vfb2lsATEScHJvZ3Jlc3NpdmVfcmVjaXBlATEVAAAm8t7ptqzFvwIVAigCQzMsF0AZu2RaHKwIGBJkYXNoX2Jhc2VsaW5lXzFfdjERAHX-B2XmnQEA&_nc_gid=JEgHKVkwLioMHXpaBF4_Ig&edm=ANo9K5cEAAAA&_nc_zt=28&_nc_tpa=Q5bMBQFq2reduai7gcD99OKNaTxEQLEmLE6rM-i19zoVIXrpo5XYlUoA4XUmYcOhaRRubpMq98UVRZDA&oh=00_AfuyQbOndNG04phZPILTmjdMl0ekoHv0U2XrjWn2bSeIVw&oe=698EF680; Instagram:https://scontent-iad3-2.cdninstagram.com/o1/v/t2/f2/m86/AQNDyunYZFinm9i3biBqH7eNpbZ83c8AS3zVR47rT7eYKBaq09T8J-Xf3ux3x4nssc8MJixFDfo52SuVK43XE1B-vuqk73aM4E0wKbw.mp4?_nc_cat=111&_nc_sid=5e9851&_nc_ht=scontent-iad3-2.cdninstagram.com&_nc_ohc=S8cxNi8-rDIQ7kNvwFsWrl3&efg=eyJ2ZW5jb2RlX3RhZyI6Inhwdl9wcm9ncmVzc2l2ZS5JTlNUQUdSQU0uQ0xJUFMuQzMuNzIwLmRhc2hfYmFzZWxpbmVfMV92MSIsInhwdl9hc3NldF9pZCI6NzU5OTI4OTkzMDY0Mzg1LCJhc3NldF9hZ2VfZGF5cyI6NTAsInZpX3VzZWNhc2VfaWQiOjEwMDk5LCJkdXJhdGlvbl9zIjo5LCJ1cmxnZW5fc291cmNlIjoid3d3In0%3D&ccb=17-1&vs=d61bd164e7d641ef&_nc_vs=HBksFQIYUmlnX3hwdl9yZWVsc19wZXJtYW5lbnRfc3JfcHJvZC82QjQxNTgwQTJGMjJENjNEODkyRjhGNTJDQzdBQzZBNl92aWRlb19kYXNoaW5pdC5tcDQVAALIARIAFQIYR2lnX3hwdl9yZWVsc19wZXJtYW5lbnRfc3JfcHJvZC8xOTY3MjE3NjI0Njc5NjEzXzM5NDI1NjQwMTEwMDUzNzk1MTIubXA0FQICyAESACgAGAAbAogHdXNlX29pbAExEnByb2dyZXNzaXZlX3JlY2lwZQExFQAAJoKX_ZrYydkCFQIoAkMzLBdAIogxJul41RgSZGFzaF9iYXNlbGluZV8xX3YxEQB1_gdl5p0BAA&_nc_gid=JEgHKVkwLioMHXpaBF4_Ig&edm=ANo9K5cEAAAA&_nc_zt=28&_nc_tpa=Q5bMBQErjjdyRn4krSy0x9luXwb97cdprewCxyz0ay5XZcJzxkIrNhEe8Caxgp-AnF-hkidZzczGH2wd&oh=00_AfvPKzgQvi-yVOxA8bVlRheh0o4v8qp1aCu-m5H5FnNr9w&oe=698EF064; Instagram:https://scontent-iad3-2.cdninstagram.com/o1/v/t2/f2/m86/AQNlP-LH15n9P5L-h8GV1fQU7YWl9wMIIfjzu5egnvTCCyfTltvk_KLLkYW8KW_Y19zy3GhT0m7Z6yy98_gkajIsEmMvvM58t-moHCo.mp4?_nc_cat=111&_nc_sid=5e9851&_nc_ht=scontent-iad3-2.cdninstagram.com&_nc_ohc=fTC4uMuDepgQ7kNvwHzu7CP&efg=eyJ2ZW5jb2RlX3RhZyI6Inhwdl9wcm9ncmVzc2l2ZS5JTlNUQUdSQU0uQ0xJUFMuQzMuNzIwLmRhc2hfYmFzZWxpbmVfMV92MSIsInhwdl9hc3NldF9pZCI6MTkyMzIwMjk3ODQwMTE4NCwiYXNzZXRfYWdlX2RheXMiOjIxLCJ2aV91c2VjYXNlX2lkIjoxMDgyNywiZHVyYXRpb25fcyI6MTIsInVybGdlbl9zb3VyY2UiOiJ3d3cifQ%3D%3D&ccb=17-1&vs=2403240349bf34fe&_nc_vs=HBksFQIYUmlnX3hwdl9yZWVsc19wZXJtYW5lbnRfc3JfcHJvZC9CMTQzQzRFQkE5QkI3MjdFMDA0RUJCRkYwOUE5NTc4MV92aWRlb19kYXNoaW5pdC5tcDQVAALIARIAFQIYUWlnX3hwdl9wbGFjZW1lbnRfcGVybWFuZW50X3YyLzFBNDM3MUY2QjNDMTU4NDdGMDVDNjNDQjhEQjM5OUE4X2F1ZGlvX2Rhc2hpbml0Lm1wNBUCAsgBEgAoABgAGwKIB3VzZV9vaWwBMRJwcm9ncmVzc2l2ZV9yZWNpcGUBMRUAACbArt7lksnqBhUCKAJDMywXQCkzMzMzMzMYEmRhc2hfYmFzZWxpbmVfMV92MREAdf4HZZapAQA&_nc_gid=JEgHKVkwLioMHXpaBF4_Ig&edm=ANo9K5cEAAAA&_nc_zt=28&_nc_tpa=Q5bMBQGQcQDrGyoWTwjVB1AKDiJJiL3BmQ3t_gZbYCbcqWs9pDdHNhGOy2GnKWT9yNfAnYWXbWQTTUr_&oh=00_Aft98O6lTKGDhFivNh2hmc3k058tvOZ2ayCRZi5PkyPNyw&oe=698EFD0C; Instagram:https://scontent-iad3-2.cdninstagram.com/o1/v/t2/f2/m86/AQP0o1lBy2_ws4KSPMcacNhHiTxB21gMbLB5slh2USFwKTawGdPb4nVKrSFUFCZ_HGmBcK-tg8XGg25ZN60f0omAPf34BKQWiPHHsmE.mp4?_nc_cat=111&_nc_sid=5e9851&_nc_ht=scontent-iad3-2.cdninstagram.com&_nc_ohc=sAVWTg4q0k0Q7kNvwF8rlOe&efg=eyJ2ZW5jb2RlX3RhZyI6Inhwdl9wcm9ncmVzc2l2ZS5JTlNUQUdSQU0uQ0xJUFMuQzMuNzIwLmRhc2hfYmFzZWxpbmVfMV92MSIsInhwdl9hc3NldF9pZCI6MTc5MDYzNjQ3NzczNDUwMTAsImFzc2V0X2FnZV9kYXlzIjoyLCJ2aV91c2VjYXNlX2lkIjoxMDA5OSwiZHVyYXRpb25fcyI6MzIsInVybGdlbl9zb3VyY2UiOiJ3d3cifQ%3D%3D&ccb=17-1&_nc_gid=JEgHKVkwLioMHXpaBF4_Ig&edm=ANo9K5cEAAAA&_nc_zt=28&vs=8ee01c345fd68ee5&_nc_vs=HBksFQIYUmlnX3hwdl9yZWVsc19wZXJtYW5lbnRfc3JfcHJvZC84MjRGNDc5MkU2RDhBQzY2MjgyMjQwODU4MjVFMEZBNV92aWRlb19kYXNoaW5pdC5tcDQVAALIARIAFQIYUWlnX3hwdl9wbGFjZW1lbnRfcGVybWFuZW50X3YyLzAzNEVFMEVCNEQ1OTI4NzM3MjAzRjU0QUI5REJDRUEyX2F1ZGlvX2Rhc2hpbml0Lm1wNBUCAsgBEgAoABgAGwKIB3VzZV9vaWwBMRJwcm9ncmVzc2l2ZV9yZWNpcGUBMRUAACbkv638ze_OPxUCKAJDMywXQEAqn752yLQYEmRhc2hfYmFzZWxpbmVfMV92MREAdf4HZeadAQA&_nc_tpa=Q5bMBQHCReWDs3h9ep-TrXsaCPK40T55KEGrdt63H_x7w_TiwCjGzcwhUHZuyBPuureg6x0EsDJMZllP&oh=00_AftwHuCP0gaGziuD3qxgkq5oSRntYYvxwvXfcoFYTk-JPg&oe=698EE17C; Instagram:https://www.instagram.com/dr.jihye; Instagram:https://www.instagram.com/forenaclinic; KakaoTalk:https://pf.kakao.com/_KuuwG; KakaoTalk:https://pf.kakao.com/_KuuwG/103660910; Line:https://line.me/R/ti/p/@037halzl?oat_content=url&ts=08101240; Line:https://line.me/R/ti/p/@229hwodf?oat_content=url&ts=08101241; Line:https://line.me/R/ti/p/@343zlfom?ts=08101240&oat_content=url; Phone:tel:023257979; Phone:tel:8250713982243; Telegram:http://t.me/forenaclinic; WeChat:https://static.wixstatic.com/media/f5252a_e78db87042b64852928c879d9d0d43ba~mv2.png/v1/fill/w_34,h_34,al_c,q_85,usm_0.66_1.00_0.01,enc_avif,quality_auto/f5252a_e78db87042b64852928c879d9d0d43ba~mv2.png; WhatsApp:https://api.whatsapp.com/send?phone=821027363095&type=phone_number&app_absent=0; WhatsApp:https://wa.me/821027053095; YouTube:https://www.youtube.com/@Forenaclinic; YouTube:https://www.youtube.com/@forenaclinic",
1668,차이의원,https://chaiclinic.co.kr,https://chaiclinic.co.kr/,,success,6,2,Yes,조원진(대표원장); 김지현(원장),KakaoTalk:https://pf.kakao.com/_jUzXxl?from=qr; NaverBooking:https://map.naver.com/v5/entry/place/1142775705?placePath=%2F%3Fac%3D0%26adm_lat%3D37.5164444%26adm_long%3D127.1114868%26bizId%3D1142775705%26bookingRedirectUrl%3Dhttps%3A%2F%2Fm.booking.naver.com%2Fbooking%2F13%2Fbizes%2F286956%3Ftheme%3Dplace%26debug%3D0%26deviceType%3Dpc%26lgl_lat%3D37.510933%26lgl_long%3D127.123925%26lgl_rcode%3D09710111%26ngn_country%3DKR%26nlu_query%3D%7B%22nluQuery%22%3A%22%EC%B0%A8%EC%9D%B4%EC%9D%98%EC%9B%90%22%2C%22hospital%22%3A%7B%22source%22%3A%22placesearch%22%2C%22sid%22%3A%221142775705%22%2C%22q%22%3A%22%EC%B0%A8%EC%9D%B4%EC%9D%98%EC%9B%90%22%7D%7D%26nqx_theme%3D%7B%22theme%22%3A%7B%22sub%22%3A%5B%7B%22name%22%3A%22hospital%22%7D%5D%7D%7D%26r1%3D%EC%84%9C%EC%9A%B8%ED%8A%B9%EB%B3%84%EC%8B%9C%26r2%3D%EC%86%A1%ED%8C%8C%EA%B5%AC%26r3%3D%EB%B0%A9%EC%9D%B42%EB%8F%99%26rcode%3D09710562%26rev%3D44%26sm%3Dtop_hty%26spq%3D0%26ssc%3Dtab.nx.all%26target%3Dpc%26where%3Dnexearch%26x%3D127.1114868%26y%3D37.5164444&c=15%2C0%2C0%2C0%2Cdh; Phone:tel:01029003306; Phone:tel:0269336626; Phone:tel:0269336627; YouTube:https://www.youtube.com/channel/UCM2CEyZRZLiUfqosN_wzNiA,
1692,에스리본의원,https://www.s-reborn.com/,,,success,3,2,Yes,김도위(대표원장); 이력(원장),Instagram:https://www.instagram.com/reel/C2wqLH0p9Mo?igsh=MzRlODBiNWFlZA%3D%3D; Instagram:https://www.instagram.com/sreborn_clinic?hl=ko; Phone:tel:18335881,
1715,홍대 닥터쁘띠의원,http://pf.kakao.com/_XxgXUxb/chat,https://pf.kakao.com/_TsIAE,,partial,3,0,No,,KakaoTalk:https://pf.kakao.com/#kakaoBody; KakaoTalk:https://pf.kakao.com/#kakaoGnb; KakaoTalk:https://pf.kakao.com/_TsIAE,No doctors found
1718,리엔장의원,https://intro.lienjang.net/re/Vzqfek,https://hongdae.lienjang.net/?lmedia=naverplace,,success,4,22,Yes,김시완(specialist); 박진형(specialist); 김세진(specialist); 김지원(specialist); 백승민(specialist); 박성원(specialist); 박세인(specialist); 진정민(specialist); 전이준(specialist); 이지환(specialist); 한혜인(specialist); 남윤호(specialist); 강재희(specialist); 이주형(specialist); 임채리(specialist); 한다은(specialist); 이가언(specialist); 한수민(specialist); 김예지(specialist); 최원준(specialist); 김다솜(specialist); 임승규(specialist),Instagram:https://www.instagram.com/lienjang_hongdae; KakaoTalk:https://pf.kakao.com/_exoRAC/chat; Phone:tel:023333625; YouTube:https://www.youtube.com/channel/UCxyiPTH9xHqhPVfwyyosXMQ,
1730,블리비의원,http://www.velyb.kr/,https://www.velyb.kr/,,partial,0,19,Yes,한국미(원장); 강현주(원장); 김혜림(원장); 최우영(원장); 박영후(원장); 류태훈(원장); 하진경(원장); 윤지연(원장); 김원주(원장); 서신애(원장); 변지은(원장); 김선봉(원장); 문상욱(원장); 오건우(원장); 이정현(원장); 박용범(원장); 조은애(원장); 김동욱(원장); 송우식(원장),,No social channels found
1740,유앤미의원,https://linktr.ee/hdyounmeclinic,,,robots_blocked,0,0,No,,,robots.txt blocked
1878,미앤아이의원,http://mw-meiclinic.co.kr,http://mw-meiclinic.co.kr/html/,,partial,1,0,No,,Phone:tel:0220616588,No doctors found
2373,라렌의원,http://sangam.lareinegroup.co.kr/,,,partial,0,5,Yes,이철(원장); 이승(원장); 지성(원장); 배성희(원장); 김혜리(원장),,No social channels found
10780,더힐피부과의원,http://thehealmapo.com/,,,success,4,2,Yes,윤승주(원장); 우수한(원장),Instagram:https://www.instagram.com/theheal_mapo; KakaoTalk:https://pf.kakao.com/_cExgfn; NaverBlog:https://blog.naver.com/thehealmpgd; Phone:tel:027071020,
10797,비앤씨피부과의원,https://blog.naver.com/shoutbnc,,,success,1,1,Yes,김상덕(원장),NaverBlog:https://blog.naver.com/prologue/PrologueList.naver?blogId=shoutbnc&noTrackingCode=true&directAccess=true,
10808,퍼스트피부과의원,https://pf.kakao.com/_HbZts/chat,https://pf.kakao.com/_TsIAE,,partial,3,0,No,,KakaoTalk:https://pf.kakao.com/#kakaoBody; KakaoTalk:https://pf.kakao.com/#kakaoGnb; KakaoTalk:https://pf.kakao.com/_TsIAE,No doctors found
10809,닥터스피부과의원,http://gongdeok.doctors365.co.kr/,https://gongdeok.doctors365.co.kr/,,success,3,4,Yes,김태인(대표원장); 천승연(원장); 노승희(원장); 권륭(원장),KakaoTalk:http://pf.kakao.com/_ANjMC/chat; KakaoTalk:https://pf.kakao.com/_ANjMC; Phone:tel:027023033,
10876,오르다피부과의원,https://ordaderma.com,https://ordaderma.com/,wordpress,success,4,2,Yes,이동(대표원장); 서성훈(전문의),KakaoTalk:http://pf.kakao.com/_hxfbDn; NaverBlog:https://blog.naver.com/ordaderma; Phone:tel:023638883; Phone:tel:023638884,
10924,아로하피부과의원,https://www.alohaskin.co.kr/,,,success,9,3,Yes,황세휘(대표원장); 강민지(원장); 샤론(원장),Instagram:https://www.instagram.com/alohaderma; KakaoTalk:https://pf.kakao.com/_TxaCeb; NaverBlog:https://blog.naver.com/dingting; Phone:tel:023654880; Phone:tel:0269524880; Phone:tel:07082404880; WeChat:https://www.alohaskin.co.kr/img/common/quick/wechat-pic.jpg; WeChat:https://www.alohaskin.co.kr/img/common/wechat.png; YouTube:https://www.youtube.com/channel/UCte1yRl8921mss4EKskGG_g,
10961,홍대고운세상피부과의원,http://www.beautyforever.co.kr,https://www.beautyforever.co.kr/,,success,3,1,Yes,김기준(원장),Phone:tel:0325133006; Phone:tel:0325497005; Phone:tel:0622256400,
10976,마인드피부과의원,https://mindskin.co.kr,https://mindskin.co.kr/theme/mindskinc/main.php,,success,8,2,Yes,이홍선(대표원장); 주소(대표원장),Instagram:https://www.instagram.com/mindskin_clinic; KakaoTalk:https://pf.kakao.com/_xdQmixb; NaverBlog:https://blog.naver.com/apex98; Phone:tel:023333133; WeChat:https://mindskin.co.kr/theme/mindskinc/img/h_QR.png; WeChat:https://mindskin.co.kr/theme/mindskinc/img/wechat_QR.jpg; WeChat:https://mindskin.co.kr/theme/mindskinc/img/wechat_ico.png; YouTube:https://youtube.com/channel/UCP_RJGEgyQZGY4AN5KNOE6Q?si=L_v0cHhDA1xvdKw2,
11052,피부사랑피부과의원,http://www.skinlover.co.kr/index.asp,,,success,1,1,Yes,"황상민(원장, 피부과전문의)",Phone:tel:027119757,
