"NO","Hospital","Status","Homepage","Channels","Doctors","Channel Count","Doctor Name","Role","Source","Photo","Education (top 3)","Career (top 3)","Credentials (top 3)","Final URL"
"15","톡스앤필의원","success","http://www.toxnfill10.com/","[Facebook] https://www.facebook.com/toxnfill.official
[Instagram] https://www.instagram.com/toksfill
[KakaoTalk] http://pf.kakao.com/_fxhxlTM
[NaverBlog] https://blog.naver.com/toxnfill10
[Phone] tel:028737979
[YouTube] https://www.youtube.com/channel/UCFpFZkm7mclD-z_-j7FTUag","4","6","조성우","specialist","dom","Y","","대표원장 | - 면허번호 ****08","","https://www.toxnfill10.com/"
"15","톡스앤필의원","success","http://www.toxnfill10.com/","[Facebook] https://www.facebook.com/toxnfill.official
[Instagram] https://www.instagram.com/toksfill
[KakaoTalk] http://pf.kakao.com/_fxhxlTM
[NaverBlog] https://blog.naver.com/toxnfill10
[Phone] tel:028737979
[YouTube] https://www.youtube.com/channel/UCFpFZkm7mclD-z_-j7FTUag","4","6","양희진","specialist","dom","Y","","원장 | - 면허번호 ****49 | 원장","","https://www.toxnfill10.com/"
"15","톡스앤필의원","success","http://www.toxnfill10.com/","[Facebook] https://www.facebook.com/toxnfill.official
[Instagram] https://www.instagram.com/toksfill
[KakaoTalk] http://pf.kakao.com/_fxhxlTM
[NaverBlog] https://blog.naver.com/toxnfill10
[Phone] tel:028737979
[YouTube] https://www.youtube.com/channel/UCFpFZkm7mclD-z_-j7FTUag","4","6","정민지","specialist","dom","Y","","","","https://www.toxnfill10.com/"
"15","톡스앤필의원","success","http://www.toxnfill10.com/","[Facebook] https://www.facebook.com/toxnfill.official
[Instagram] https://www.instagram.com/toksfill
[KakaoTalk] http://pf.kakao.com/_fxhxlTM
[NaverBlog] https://blog.naver.com/toxnfill10
[Phone] tel:028737979
[YouTube] https://www.youtube.com/channel/UCFpFZkm7mclD-z_-j7FTUag","4","6","문지연","specialist","dom","Y","","","","https://www.toxnfill10.com/"
"165","스타일미의원","partial","http://www.stylemeclinic.co.kr/","[KakaoTalk] https://pf.kakao.com/_tfyyl
[NaverBooking] https://m.booking.naver.com/booking/13/bizes/460852?theme=place&lang=ko
[NaverMap] https://map.naver.com/p/entry/place/13289689?placePath=%2Fhome
[Phone] tel:028329359","0","4","","","","","","","","http://www.stylemeclinic.co.kr/"
"418","나세르의원","partial","http://petitnacer.com","[KakaoTalk] https://pf.kakao.com/_tTxckC","0","1","","","","","","","","http://petitnacer.com/"
"499","자연예쁨의원","success","http://nb-skin.com/","[KakaoTalk] http://pf.kakao.com/_xgjeLM
[KakaoTalk] https://pf.kakao.com/_xgjeLM
[NaverBooking] https://m.booking.naver.com/booking/13/bizes/1060243/items/5583168?area=ple&startDate=2024-05-24&theme=place
[NaverMap] https://map.naver.com/p/entry/place/37774557?placePath=%252Fhome%253Fentry%253Dplt&searchType=place&lng=127.0265531&lat=37.5010824&c=15.00%2C0%2C0%2C0%2Cdh
[Phone] tel:025585058","2","5","이은영","원장","dom","Y","현) 한양대학교병원 임상외래 조교수 | 이화여자대학교 의과대학 의학 석사 | 이화여자대학교 이대목동병원 전공의","병원소개 | 병원둘러보기 | 전) 용인미하나클리닉 원장","대한미용성형레이저의학회 회원 | 대한레이저피부모발학회 회원 | 대한일차진료학회 회원","http://nb-skin.com/"
"499","자연예쁨의원","success","http://nb-skin.com/","[KakaoTalk] http://pf.kakao.com/_xgjeLM
[KakaoTalk] https://pf.kakao.com/_xgjeLM
[NaverBooking] https://m.booking.naver.com/booking/13/bizes/1060243/items/5583168?area=ple&startDate=2024-05-24&theme=place
[NaverMap] https://map.naver.com/p/entry/place/37774557?placePath=%252Fhome%253Fentry%253Dplt&searchType=place&lng=127.0265531&lat=37.5010824&c=15.00%2C0%2C0%2C0%2Cdh
[Phone] tel:025585058","2","5","서봉경","원장","dom_text","N","현) 한양대학교병원 임상외래 조교수 | 이화여자대학교 의과대학 의학 석사 | 이화여자대학교 이대목동병원 전공의","","대한레이저피부모발학회 회원 | 대한일차진료학회 회원 | 대한비만체형학회 회원","http://nb-skin.com/"
"512","강남연세라인의원","success","http://www.ylclinic.com/","[Instagram] https://www.instagram.com/ylclinic_no.1
[KakaoTalk] https://open.kakao.com/o/sdrc6j1b
[NaverBlog] https://blog.naver.com/sadhiowehh34
[NaverCafe] https://cafe.naver.com/adecoder
[Phone] tel:025012061
[Phone] tel:025632060
[YouTube] https://www.youtube.com/@%EB%8F%99%EC%95%88%EC%9D%98%EB%B9%84%EA%B2%B0%EA%B0%95%EB%82%A8%EC%97%B0%EC%84%B8%EB%9D%BC
[YouTube] https://www.youtube.com/@user-rs1mn4ww4z","1","8","안성환","대표원장","dom_text","N","연세대학교 의학 석·박사 | 연세대학교 의과대학 외래교수","","전) 대한 미용성형레이저학회 부회장 | 전) 대한 필러학회 부회장","http://www.ylclinic.com/"
"534","조은날의원","partial","http://www.joeunnalclinic.com","[Instagram] https://www.instagram.com/joeunnal_clinic
[KakaoTalk] https://pf.kakao.com/_ydcxlK
[NaverBlog] https://blog.naver.com/sunny4092
[Phone] tel:025386788
[Phone] tel:025406787","0","5","","","","","","","","http://www.joeunnalclinic.com/"
"549","시아의원","partial","https://gangnam.sia-clinic.com/","[Instagram] https://www.instagram.com/siaclinic_kr
[KakaoTalk] https://pf.kakao.com/_hxbdxkn
[NaverMap] https://map.naver.com/p/entry/place/2069038371?placePath=%2Fhome
[Phone] tel:025127117
[Phone] tel:8202025127117","0","5","","","","","","","","https://gangnam.sia-clinic.com/"
"573","홀드의원","success","https://holdclinicgn.com/","[KakaoTalk] https://pf.kakao.com/_ixceQG/chat
[Line] https://line.me/R/ti/p/@134cqvsq?from=page&accountId=134cqvsq
[NaverBooking] https://booking.naver.com/booking/13/bizes/1206745
[Phone] tel:024167584
[Phone] tel:024167585
[WhatsApp] https://wa.me/821059487585","1","6","강대영","대표원장","dom_text","N","","탈모 클리닉 | 스킨 클리닉 | ･전)예뻐진클리닉 잠실송파점 원장","･대한미용외과학회 정회원 | ･대한미용성형레이저학회 정회원 | ･대한비만연구의사회 정회원","https://holdclinicgn.com/ko"
"686","이즈의원","partial","https://izclinic.co.kr/scar","[KakaoTalk] http://pf.kakao.com/_lfuju/chat
[KakaoTalk] https://pf.kakao.com/_lfuju
[NaverMap] https://map.naver.com/p/entry/place/1632971337?lng=127.0310777&lat=37.4993492&placePath=%2Fhome&searchType=place
[Phone] tel:025013313","0","4","","","","","","","","https://izclinic.co.kr/scar"
"721","연세모에버의원","partial","https://www.moever.co.kr","[Phone] tel:025407585
[Phone] tel:025407588","0","2","","","","","","","","https://www.moever.co.kr/"
"732","닥터크리미의원","partial","http://drcreamy.com/","[Facebook] https://www.facebook.com/%EB%8B%A5%ED%84%B0%ED%81%AC%EB%A6%AC%EB%AF%B8_%EC%8B%A0%EC%82%AC%EC%A0%90-168343577343943
[Instagram] https://www.instagram.com/dr_creamy
[KakaoTalk] http://pf.kakao.com/_mAMxhl
[NaverCafe] http://cafe.naver.com/apinkatudia
[NaverMap] https://map.naver.com/p/search/%EB%8B%A5%ED%84%B0%ED%81%AC%EB%A6%AC%EB%AF%B8%EC%9D%98%EC%9B%90?c=14139781.8722964%2C4511393.570219308%2C16%2C0%2C0%2C0%2Cdh
[Phone] tel:025180097","0","6","","","","","","","","http://body.drcreamy.com/website01/"
"884","리오셀의원","partial","https://liocellclinic.com/","[Instagram] https://www.instagram.com/liocellclinic
[KakaoTalk] https://pf.kakao.com/_xmxagwn/chat
[NaverBooking] https://m.booking.naver.com/booking/13/bizes/1404817?theme=place&service-target=map-pc&lang=ko&area=plt&map-search=1
[Phone] tel:025151546
[Phone] tel:82025151546
[WeChat] https://u.wechat.com/kC9-kQZgF0J76D9CoOCSkHs?s=0
[WhatsApp] https://wa.me/message/I2DGDUZYBKM3K1?src=qr
[YouTube] https://www.youtube.com/@%EB%A6%AC%EC%98%A4%EC%85%80%EC%9D%98%EC%9B%90","0","8","","","","","","","","https://liocellclinic.com/"
"1069","연세뷰티의원","partial","http://www.ysbclinic.com/","[Facebook] https://www.facebook.com/%EC%97%B0%EC%84%B8%EB%B7%B0%ED%8B%B0%ED%81%B4%EB%A6%AC%EB%8B%89-%EC%97%B0%EC%84%B8%EB%B7%B0%ED%8B%B0%EC%9D%98%EC%9B%90-1531083407161091
[NaverBlog] http://blog.naver.com/ysbclinic","0","2","","","","","","","","https://www.ysbclinic.com/"
"1137","엔젤미의원","success","https://angelmiclinic.com/","[Instagram] http://instagram.com/angelmiclinic
[Instagram] https://instagram.com/angelmiclinic
[KakaoTalk] https://pf.kakao.com/_xmMPKM
[NaverBlog] https://blog.naver.com/angelmi8830
[YouTube] https://www.youtube.com/channel/UClRUs2te2o50vfyELnf3GRw","4","5","백승만","대표원장","dom_text","N","","뷰티 메디컬 클리닉입니다.","한국미용학회 정회원 | 한국비만학회 정회원 | 대한미용성형레이저학회 정회원","https://angelmiclinic.com/"
"1137","엔젤미의원","success","https://angelmiclinic.com/","[Instagram] http://instagram.com/angelmiclinic
[Instagram] https://instagram.com/angelmiclinic
[KakaoTalk] https://pf.kakao.com/_xmMPKM
[NaverBlog] https://blog.naver.com/angelmi8830
[YouTube] https://www.youtube.com/channel/UClRUs2te2o50vfyELnf3GRw","4","5","김동철","대표원장","dom_text","N","","뷰티 메디컬 클리닉입니다.","한국미용학회 정회원 | 한국비만학회 정회원 | 대한미용성형레이저학회 정회원","https://angelmiclinic.com/"
"1137","엔젤미의원","success","https://angelmiclinic.com/","[Instagram] http://instagram.com/angelmiclinic
[Instagram] https://instagram.com/angelmiclinic
[KakaoTalk] https://pf.kakao.com/_xmMPKM
[NaverBlog] https://blog.naver.com/angelmi8830
[YouTube] https://www.youtube.com/channel/UClRUs2te2o50vfyELnf3GRw","4","5","김누리","원장","dom_text","N","","뷰티 메디컬 클리닉입니다.","피부비만성형학회 정회원 | 대한임상미용의학회 정회원 | 대한비만미용체형학회 정회원","https://angelmiclinic.com/"
"1137","엔젤미의원","success","https://angelmiclinic.com/","[Instagram] http://instagram.com/angelmiclinic
[Instagram] https://instagram.com/angelmiclinic
[KakaoTalk] https://pf.kakao.com/_xmMPKM
[NaverBlog] https://blog.naver.com/angelmi8830
[YouTube] https://www.youtube.com/channel/UClRUs2te2o50vfyELnf3GRw","4","5","최영훈","원장","dom_text","N","","뷰티 메디컬 클리닉입니다.","대한비만미용체형학회 정회원","https://angelmiclinic.com/"
"1351","청담잇츠미의원","partial","http://itsme1.kr/","[Instagram] https://www.instagram.com/cditsme1
[Instagram] https://www.instagram.com/itsme_clinic_cj_d
[KakaoTalk] https://pf.kakao.com/_UxfmQn
[NaverBooking] https://m.booking.naver.com/booking/13/bizes/1565636?theme=place&service-target=map-pc&lang=ko&area=pll
[YouTube] https://www.youtube.com/channel/UCmP907OimDzU6yJZdIuL4Kg","0","5","","","","","","","","http://itsme1.kr/"
"1441","클리니크후즈후의원","success","http://www.cliniquehushu.com/","[Instagram] https://www.instagram.com/cliniquehushu_official
[KakaoTalk] http://pf.kakao.com/_gJVul
[KakaoTalk] http://pf.kakao.com/_gJVul/chat
[NaverBlog] https://blog.naver.com/hushu_world
[Phone] tel:0215887536
[Phone] tel:025456063
[YouTube] https://www.youtube.com/c/hushuskin
[YouTube] https://www.youtube.com/channel/UCrzgxeSzwjlE1IZLYGgOB6w","5","8","홍경국","원장","dom_text","N","경희의료원 레지던트 수료 | 경희대학교 의과대학, 의학박사(MD.Ph.D) | 서울과학고등학교 졸업","국군 대전병원 피부과장","대한 피부과학회 정회원 | 대한 피부과의사회 정회원 | 대한 모발학회 정회원","http://www.cliniquehushu.com/"
"1441","클리니크후즈후의원","success","http://www.cliniquehushu.com/","[Instagram] https://www.instagram.com/cliniquehushu_official
[KakaoTalk] http://pf.kakao.com/_gJVul
[KakaoTalk] http://pf.kakao.com/_gJVul/chat
[NaverBlog] https://blog.naver.com/hushu_world
[Phone] tel:0215887536
[Phone] tel:025456063
[YouTube] https://www.youtube.com/c/hushuskin
[YouTube] https://www.youtube.com/channel/UCrzgxeSzwjlE1IZLYGgOB6w","5","8","이규엽","원장","dom_text","N","서울과학고등학교 졸업 | 연세대학교 의과대학 수석 졸업 | 세브란스병원 인턴 수료","국군 대전병원 피부과장 | 아이디병원 쁘티센터 원장","대한 아토피피부염학회 정회원 | 대한 줄기세포치료학회 정회원 | 대한 줄기세포조직재생학회 정회원","http://www.cliniquehushu.com/"
"1441","클리니크후즈후의원","success","http://www.cliniquehushu.com/","[Instagram] https://www.instagram.com/cliniquehushu_official
[KakaoTalk] http://pf.kakao.com/_gJVul
[KakaoTalk] http://pf.kakao.com/_gJVul/chat
[NaverBlog] https://blog.naver.com/hushu_world
[Phone] tel:0215887536
[Phone] tel:025456063
[YouTube] https://www.youtube.com/c/hushuskin
[YouTube] https://www.youtube.com/channel/UCrzgxeSzwjlE1IZLYGgOB6w","5","8","오세웅","원장","dom_text","N","국군대학병원 피부과장 | 연세대학교 세브란스병원 피부과 레지던트 | 연세대학교 세브란스병원 인턴","아이디병원 쁘티센터 원장","부과의사회 정회원 | 대한 모발학회 정회원 | 대한 여드름학회 정회원","http://www.cliniquehushu.com/"
"1441","클리니크후즈후의원","success","http://www.cliniquehushu.com/","[Instagram] https://www.instagram.com/cliniquehushu_official
[KakaoTalk] http://pf.kakao.com/_gJVul
[KakaoTalk] http://pf.kakao.com/_gJVul/chat
[NaverBlog] https://blog.naver.com/hushu_world
[Phone] tel:0215887536
[Phone] tel:025456063
[YouTube] https://www.youtube.com/c/hushuskin
[YouTube] https://www.youtube.com/channel/UCrzgxeSzwjlE1IZLYGgOB6w","5","8","최윤진","원장","dom_text","N","고려대학교 법학과, 생명과학부 졸업 | 이화여자대학교 의학전문대학원 석사 | 이화여자대학교부속 목동병원 피부과 레지던트 수료","아이디병원 쁘티센터 원장","피부과의사회 정회원 | 대한 모발학회 정회원 | 대한 여드름학회 정회원","http://www.cliniquehushu.com/"
"1441","클리니크후즈후의원","success","http://www.cliniquehushu.com/","[Instagram] https://www.instagram.com/cliniquehushu_official
[KakaoTalk] http://pf.kakao.com/_gJVul
[KakaoTalk] http://pf.kakao.com/_gJVul/chat
[NaverBlog] https://blog.naver.com/hushu_world
[Phone] tel:0215887536
[Phone] tel:025456063
[YouTube] https://www.youtube.com/c/hushuskin
[YouTube] https://www.youtube.com/channel/UCrzgxeSzwjlE1IZLYGgOB6w","5","8","박혜란","원장","dom_text","N","동병원 피부과 레지던트 수료 | 대원외국어고등학교 졸업 | 연세대학교 졸업","아이디병원 쁘티센터 원장","대한피부과학회 정회원 | 대한피부과의사회 정회원 | 대한피부항노화연구회 정회원","http://www.cliniquehushu.com/"
"1549","브랜뉴의원","success","https://brandnewclinic.com/","[Instagram] https://www.instagram.com/brandnew_clinic
[KakaoTalk] http://pf.kakao.com/_KsZkM/chat
[KakaoTalk] https://pf.kakao.com/_KsZkM
[NaverTalk] http://talk.naver.com/W5TYCN
[Phone] tel:025113075
[YouTube] https://www.youtube.com/@brandnew.clinic","3","6","윤성은","대표원장","dom_text","N","가톨릭대학교 서울성모병원 수련의 | 가톨릭대학교 서울성모병원 전공의 수료 | 가톨릭대학교 서울성모병원 전문의","브랜뉴클리닉은 의료 한류의 선구자적인 역할을 해오고 있습니다. | 現 브랜뉴클리닉 대표원장 | 現 브랜뉴클리닉 레이저 센터 원장","現 대한미용성형레이저의학회 수석국제 학술이사 | 現 대한비만미용치료학회 명예이사 | 대한미용성형레이저학회 정회원","https://brandnewclinic.com/"
"1549","브랜뉴의원","success","https://brandnewclinic.com/","[Instagram] https://www.instagram.com/brandnew_clinic
[KakaoTalk] http://pf.kakao.com/_KsZkM/chat
[KakaoTalk] https://pf.kakao.com/_KsZkM
[NaverTalk] http://talk.naver.com/W5TYCN
[Phone] tel:025113075
[YouTube] https://www.youtube.com/@brandnew.clinic","3","6","이정욱","원장","dom_text","N","가톨릭대학교 서울성모병원 수련의 | 가톨릭대학교 서울성모병원 전공의 수료 | 가톨릭대학교 서울성모병원 전문의","現 브랜뉴클리닉 레이저 센터 원장 | 前 케이트 클리닉 원장 | 現 브랜뉴클리닉 마취과&레이저 센터 원장","대한미용성형레이저학회 정회원 | 대한비만학회 정회원 | 대한미용웰빙학회 정회원","https://brandnewclinic.com/"
"1549","브랜뉴의원","success","https://brandnewclinic.com/","[Instagram] https://www.instagram.com/brandnew_clinic
[KakaoTalk] http://pf.kakao.com/_KsZkM/chat
[KakaoTalk] https://pf.kakao.com/_KsZkM
[NaverTalk] http://talk.naver.com/W5TYCN
[Phone] tel:025113075
[YouTube] https://www.youtube.com/@brandnew.clinic","3","6","전지영","원장","dom_text","N","통증고위자 과정 수료 | 이화여자대학교 목동병원 마취통증의학과 전공의 | 대한통증학회 TPI 과정 수료","서울성모병원 전문의 | 現 브랜뉴클리닉 마취과&레이저 센터 원장 | 前 서울세계로병원 원장","대한미용성형레이저학회 정회원 | 대한비만학회 정회원 | 대한미용웰빙학회 정회원","https://brandnewclinic.com/"
"1668","차이의원","success","https://chaiclinic.co.kr","[KakaoTalk] https://pf.kakao.com/_jUzXxl?from=qr
[NaverBooking] https://map.naver.com/v5/entry/place/1142775705?placePath=%2F%3Fac%3D0%26adm_lat%3D37.5164444%26adm_long%3D127.1114868%26bizId%3D1142775705%26bookingRedirectUrl%3Dhttps%3A%2F%2Fm.booking.naver.com%2Fbooking%2F13%2Fbizes%2F286956%3Ftheme%3Dplace%26debug%3D0%26deviceType%3Dpc%26lgl_lat%3D37.510933%26lgl_long%3D127.123925%26lgl_rcode%3D09710111%26ngn_country%3DKR%26nlu_query%3D%7B%22nluQuery%22%3A%22%EC%B0%A8%EC%9D%B4%EC%9D%98%EC%9B%90%22%2C%22hospital%22%3A%7B%22source%22%3A%22placesearch%22%2C%22sid%22%3A%221142775705%22%2C%22q%22%3A%22%EC%B0%A8%EC%9D%B4%EC%9D%98%EC%9B%90%22%7D%7D%26nqx_theme%3D%7B%22theme%22%3A%7B%22sub%22%3A%5B%7B%22name%22%3A%22hospital%22%7D%5D%7D%7D%26r1%3D%EC%84%9C%EC%9A%B8%ED%8A%B9%EB%B3%84%EC%8B%9C%26r2%3D%EC%86%A1%ED%8C%8C%EA%B5%AC%26r3%3D%EB%B0%A9%EC%9D%B42%EB%8F%99%26rcode%3D09710562%26rev%3D44%26sm%3Dtop_hty%26spq%3D0%26ssc%3Dtab.nx.all%26target%3Dpc%26where%3Dnexearch%26x%3D127.1114868%26y%3D37.5164444&c=15%2C0%2C0%2C0%2Cdh
[Phone] tel:01029003306
[Phone] tel:0269336626
[Phone] tel:0269336627
[YouTube] https://www.youtube.com/channel/UCM2CEyZRZLiUfqosN_wzNiA","2","6","조원진","대표원장","dom","Y","가톨릭중앙의료원 전공의 수료 | 한양대학교 부속 명지병원 가정의학과 전문의","(現) 차이의원 대표원장 | (前) 합정BLS의원 원장 | (前) 청담 BLS의원 원장","대한가정의학회 회원 | 대한 미용성형레이저학회 회원 | 대한비만미용치료학회 회원","https://chaiclinic.co.kr/"
"1668","차이의원","success","https://chaiclinic.co.kr","[KakaoTalk] https://pf.kakao.com/_jUzXxl?from=qr
[NaverBooking] https://map.naver.com/v5/entry/place/1142775705?placePath=%2F%3Fac%3D0%26adm_lat%3D37.5164444%26adm_long%3D127.1114868%26bizId%3D1142775705%26bookingRedirectUrl%3Dhttps%3A%2F%2Fm.booking.naver.com%2Fbooking%2F13%2Fbizes%2F286956%3Ftheme%3Dplace%26debug%3D0%26deviceType%3Dpc%26lgl_lat%3D37.510933%26lgl_long%3D127.123925%26lgl_rcode%3D09710111%26ngn_country%3DKR%26nlu_query%3D%7B%22nluQuery%22%3A%22%EC%B0%A8%EC%9D%B4%EC%9D%98%EC%9B%90%22%2C%22hospital%22%3A%7B%22source%22%3A%22placesearch%22%2C%22sid%22%3A%221142775705%22%2C%22q%22%3A%22%EC%B0%A8%EC%9D%B4%EC%9D%98%EC%9B%90%22%7D%7D%26nqx_theme%3D%7B%22theme%22%3A%7B%22sub%22%3A%5B%7B%22name%22%3A%22hospital%22%7D%5D%7D%7D%26r1%3D%EC%84%9C%EC%9A%B8%ED%8A%B9%EB%B3%84%EC%8B%9C%26r2%3D%EC%86%A1%ED%8C%8C%EA%B5%AC%26r3%3D%EB%B0%A9%EC%9D%B42%EB%8F%99%26rcode%3D09710562%26rev%3D44%26sm%3Dtop_hty%26spq%3D0%26ssc%3Dtab.nx.all%26target%3Dpc%26where%3Dnexearch%26x%3D127.1114868%26y%3D37.5164444&c=15%2C0%2C0%2C0%2Cdh
[Phone] tel:01029003306
[Phone] tel:0269336626
[Phone] tel:0269336627
[YouTube] https://www.youtube.com/channel/UCM2CEyZRZLiUfqosN_wzNiA","2","6","김지현","원장","dom","Y","건국대학교병원 가정의학과 전문의 | 가톨릭중앙의료원 전공의 수료 | 한양대학교 부속 명지병원 가정의학과 전문의","(現) 차이의원 원장 | (前) 합정BLS의원 원장 | (前) 피에이치디피부과 원장","대한가정의학회 회원 | 대한미용성형레이저의학회 회원 | 대한비만미용체형학회 회원","https://chaiclinic.co.kr/"
"1714","샤인빔의원","partial","http://hongdae.shinebeam.co.kr/","[Phone] tel:15445598","0","1","","","","","","","","https://hongdae.shinebeam.co.kr/"
"1799","우미의원","partial","https://umi-clinic.com","[KakaoTalk] https://pf.kakao.com/_xfttgn
[Line] https://line.me/ti/p/SGLrWaM5NS
[NaverMap] https://map.naver.com/p/entry/place/2020278752?placePath=%2Fhome
[Phone] tel:027780188
[WeChat] https://umi-clinic.com/images/common/qr1.png
[WhatsApp] https://api.whatsapp.com/send?phone=821051770188","0","6","","","","","","","","https://umi-clinic.com/"
"2366","샤인봄의원","success","http://shinebom.com/","[Instagram] https://www.instagram.com/shinebomclinic
[KakaoTalk] http://pf.kakao.com/_bYyIG
[Line] https://line.me/R/ti/p/@889ijrio?oat_content=url&ts=11241836#~
[NaverBlog] https://blog.naver.com/crucial5909
[NaverBooking] https://map.naver.com/p/entry/place/1053007902?lng=127.1024990&lat=37.5151330&placePath=%2Fbooking%3FbookingRedirectUrl%3Dhttps%3A%2F%2Fm.booking.naver.com%2Fbooking%2F13%2Fbizes%2F956293%26entry%3Dplt&c=15.00%2C0%2C0%2C0%2Cdh
[NaverMap] https://map.naver.com/p/entry/place/1053007902?placePath=%2Freview%2Fvisitor
[Phone] tel:024168885
[YouTube] https://www.youtube.com/@kim_uisya","2","8","김상우","대표원장","dom_text","N","경희대학교 의학전문대학원 | 경희대학교의학전문대학원 | 제증명 수수료","전) BLS 클리닉 청담 본점 원장","경희의료원 전문의 | 경희의료원 전문의","https://shinebom.com/"
"2366","샤인봄의원","success","http://shinebom.com/","[Instagram] https://www.instagram.com/shinebomclinic
[KakaoTalk] http://pf.kakao.com/_bYyIG
[Line] https://line.me/R/ti/p/@889ijrio?oat_content=url&ts=11241836#~
[NaverBlog] https://blog.naver.com/crucial5909
[NaverBooking] https://map.naver.com/p/entry/place/1053007902?lng=127.1024990&lat=37.5151330&placePath=%2Fbooking%3FbookingRedirectUrl%3Dhttps%3A%2F%2Fm.booking.naver.com%2Fbooking%2F13%2Fbizes%2F956293%26entry%3Dplt&c=15.00%2C0%2C0%2C0%2Cdh
[NaverMap] https://map.naver.com/p/entry/place/1053007902?placePath=%2Freview%2Fvisitor
[Phone] tel:024168885
[YouTube] https://www.youtube.com/@kim_uisya","2","8","홍주선","원장","dom_text","N","경희대학교 의학전문대학원 | 경희대학교의학전문대학원 | 제증명 수수료","전) BLS 클리닉 청담 본점 원장","경희의료원 전문의 | 경희의료원 전문의","https://shinebom.com/"
"3763","예쁨주의쁨의원","success","http://www.ppeum22.com","[Phone] tel:025185020","14","1","구윤경","전문의","dom_text","N","서울대학교 의과대학 졸업 | 서울대학교병원 전문의 | 고려대학교 졸업","삼성서울병원 가정의학과 전문의","","http://www.ppeum22.com/new/main/main.php?"
"3763","예쁨주의쁨의원","success","http://www.ppeum22.com","[Phone] tel:025185020","14","1","서지훈","전문의","dom_text","N","조선대학교 의과대학 졸업 | 서울대학교병원 전문의 | 고려대학교 졸업","삼성서울병원 가정의학과 전문의","","http://www.ppeum22.com/new/main/main.php?"
"3763","예쁨주의쁨의원","success","http://www.ppeum22.com","[Phone] tel:025185020","14","1","김정혁","대표원장","dom_text","N","전남대학교 의학전문대학원 졸업 | 이화여자대학교 졸업 | 전북대학교 의학전문대학원 졸업","삼성서울병원 가정의학과 전문의","","http://www.ppeum22.com/new/main/main.php?"
"3763","예쁨주의쁨의원","success","http://www.ppeum22.com","[Phone] tel:025185020","14","1","김승범","대표원장","dom_text","N","ity of Michigan AnnArbor 졸업 | 조선대학교 의학전문대학원 졸업 | 강원대학교 의과대학 졸업","삼성서울병원 가정의학과 전문의 | 전) 아이니클리닉 대표원장 | 서울대병원 수련의","대한피부레이저 학회 회원","http://www.ppeum22.com/new/main/main.php?"
"3763","예쁨주의쁨의원","success","http://www.ppeum22.com","[Phone] tel:025185020","14","1","강석훈","대표원장","dom_text","N","조선대학교 의학전문대학원 졸업 | 강원대학교 의과대학 졸업 | 영남대학교 의과대학 졸업","전) 아이니클리닉 대표원장 | 서울대병원 수련의","대한피부레이저 학회 회원 | 대한피부미용레이저의학회 정회원 | 대한필러학회 정회원","http://www.ppeum22.com/new/main/main.php?"
"3763","예쁨주의쁨의원","success","http://www.ppeum22.com","[Phone] tel:025185020","14","1","박본우","원장","dom_text","N","강원대학교 의과대학 졸업 | 영남대학교 의과대학 졸업 | 서울대학교 의과대학 졸업","전) 아이니클리닉 대표원장 | 서울대병원 수련의","대한피부레이저 학회 회원 | 대한피부미용레이저의학회 정회원 | 대한필러학회 정회원","http://www.ppeum22.com/new/main/main.php?"
"3763","예쁨주의쁨의원","success","http://www.ppeum22.com","[Phone] tel:025185020","14","1","진호성","원장","dom_text","N","영남대학교 의과대학 졸업 | 서울대학교 의과대학 졸업 | 서울대학교 병원 전문의","전) 아이니클리닉 대표원장 | 서울대병원 수련의","대한피부레이저 학회 회원 | 대한피부미용레이저의학회 정회원 | 대한필러학회 정회원","http://www.ppeum22.com/new/main/main.php?"
"3763","예쁨주의쁨의원","success","http://www.ppeum22.com","[Phone] tel:025185020","14","1","최선욱","전문의","dom_text","N","서울대학교 의과대학 졸업 | 서울대학교 병원 전문의 | 서울대학교 의과대학 졸업","전) 아이니클리닉 대표원장 | 서울대병원 수련의","대한피부레이저 학회 회원 | 대한피부미용레이저의학회 정회원 | 대한필러학회 정회원","http://www.ppeum22.com/new/main/main.php?"
"3763","예쁨주의쁨의원","success","http://www.ppeum22.com","[Phone] tel:025185020","14","1","김태범","대표원장","dom_text","N","서울대학교 의과대학 졸업 | 서울대학교 병원 전문의 | 서울대학교 의과대학 졸업","전) 아이니클리닉 대표원장 | 서울대병원 수련의","대한피부레이저 학회 회원 | 대한피부미용레이저의학회 정회원 | 대한필러학회 정회원","http://www.ppeum22.com/new/main/main.php?"
"3763","예쁨주의쁨의원","success","http://www.ppeum22.com","[Phone] tel:025185020","14","1","김지훈","대표원장","dom_text","N","과대학 졸업 | 충남의과대학 졸업 | 연세대학교 졸업","전) 아이니클리닉 대표원장 | 서울대병원 수련의","대한피부레이저 학회 회원 | 대한피부미용레이저의학회 정회원 | 대한필러학회 정회원","http://www.ppeum22.com/new/main/main.php?"
"3763","예쁨주의쁨의원","success","http://www.ppeum22.com","[Phone] tel:025185020","14","1","심혜선","원장","dom_text","N","연세대학교 졸업 | 경북대학교 의학전문대학원 졸업 | 인하대학교병원 전문의","전) 아이니클리닉 대표원장 | 서울대병원 수련의","대한피부레이저 학회 회원 | 대한피부미용레이저의학회 정회원 | 대한필러학회 정회원","http://www.ppeum22.com/new/main/main.php?"
"3763","예쁨주의쁨의원","success","http://www.ppeum22.com","[Phone] tel:025185020","14","1","이민기","원장","dom_text","N","학교 졸업 | 경북대학교 의학전문대학원 졸업 | 인하대학교병원 전문의","전) 아이니클리닉 대표원장 | 서울대병원 수련의","대한피부레이저 학회 회원 | 대한피부미용레이저의학회 정회원 | 대한필러학회 정회원","http://www.ppeum22.com/new/main/main.php?"
"3763","예쁨주의쁨의원","success","http://www.ppeum22.com","[Phone] tel:025185020","14","1","유안지","대표원장","dom_text","N","교 의학전문대학원 졸업 | 제주대학교 의학전문대학원 학석사통합과정 졸업 | 제주대학교병원 수련의","서울대병원 수련의","대한피부미용레이저의학회 정회원 | 대한필러학회 정회원 | 대한필러학회 정회원","http://www.ppeum22.com/new/main/main.php?"
"3763","예쁨주의쁨의원","success","http://www.ppeum22.com","[Phone] tel:025185020","14","1","박동찬","원장","dom_text","N","제주대학교 의학전문대학원 학석사통합과정 졸업 | 제주대학교병원 수련의 | 부산대학교 의과대학 졸업","","대한필러학회 정회원 | 대한미용성형레이저의학회 정회원 | 대한미용의학회 정회원","http://www.ppeum22.com/new/main/main.php?"
"3976","메이퓨어의원","success","https://www.maypureclinic.com/ko/","[KakaoTalk] https://pf.kakao.com/_qkHdT
[Phone] tel:0222789990","47","2","이창윤","대표원장","dom_text","N","고려대학교 의과대학 졸업 | 고려대학교 의료원 가정의학과 전문의 | 서울대학교 의과대학 졸업","일산백병원 가정의학과 수련의 | 일산백병원 가정의학과 전문의","대한미용성형학회 정회원 | 대한레이저학회 정회원 | 대한레이저피부모발학회 회원","https://www.maypureclinic.com/"
"3976","메이퓨어의원","success","https://www.maypureclinic.com/ko/","[KakaoTalk] https://pf.kakao.com/_qkHdT
[Phone] tel:0222789990","47","2","최희원","대표원장","dom_text","N","서울대학교 의과대학 졸업 | 서울대학교병원 수련의 | 서울대학교병원 가정의학과 전문의","일산백병원 가정의학과 수련의 | 일산백병원 가정의학과 전문의","대한레이저피부모발학회 회원 | 대한비만미용학회 회원 | 한국피부비만성형학회 정회원","https://www.maypureclinic.com/"
"3976","메이퓨어의원","success","https://www.maypureclinic.com/ko/","[KakaoTalk] https://pf.kakao.com/_qkHdT
[Phone] tel:0222789990","47","2","심동규","대표원장","dom_text","N","고려대학교 의과대학 졸업 | 고려대학교 의학전문대학원 의학석사 | 단국대학교 의과대학 의학과 졸업","일산백병원 가정의학과 수련의 | 일산백병원 가정의학과 전문의","의학과 전문의 | 대한비만미용학외 정회원 | 국제미용외과학회 정회원","https://www.maypureclinic.com/"
"3976","메이퓨어의원","success","https://www.maypureclinic.com/ko/","[KakaoTalk] https://pf.kakao.com/_qkHdT
[Phone] tel:0222789990","47","2","서형철","대표원장","dom_text","N","단국대학교 의과대학 의학과 졸업 | 단국대학교 의료원 응급의학과 전문의 | 강원대학교 의과대학 졸업","일산백병원 가정의학과 수련의 | 일산백병원 가정의학과 전문의","국제미용외과학회 정회원 | 대한비만학회 정회원 | 대한미용성형레이저의학회 정회원","https://www.maypureclinic.com/"
"3976","메이퓨어의원","success","https://www.maypureclinic.com/ko/","[KakaoTalk] https://pf.kakao.com/_qkHdT
[Phone] tel:0222789990","47","2","장진권","대표원장","dom_text","N","강원대학교 의과대학 졸업 | 울산대학교 아산병원 가정의학과 외래교수 | 고려대학교 의과대학 졸업","일산백병원 가정의학과 수련의 | 일산백병원 가정의학과 전문의","교 의료원 응급의학과 전문의 | 대한미용의학회 정회원 | 대한레이저피부모발의학회 정회원","https://www.maypureclinic.com/"
"3976","메이퓨어의원","success","https://www.maypureclinic.com/ko/","[KakaoTalk] https://pf.kakao.com/_qkHdT
[Phone] tel:0222789990","47","2","최준석","대표원장","dom_text","N","고려대학교 의과대학 졸업 | 고려대학교 의료원 수련의 | 고려대학교 의료원 가정의학과 전문의","병원 가정의학과 외래교수","대한비만미용학회 정회원 | 국제미용외과학회 정회원 | 대한미용성형레이저의학회 정회원","https://www.maypureclinic.com/"
"3976","메이퓨어의원","success","https://www.maypureclinic.com/ko/","[KakaoTalk] https://pf.kakao.com/_qkHdT
[Phone] tel:0222789990","47","2","이석호","대표원장","dom_text","N","고려대학교 의료원 가정의학과 전문의 | 부산대학교 의학전문대학원 졸업 | 부산대학교 의학전문대학원 의학석사","","대한미용성형의학회 정회원 | 대한피부미용학회 정회원 | 대한미용성형레이저학회 정회원","https://www.maypureclinic.com/"
"3976","메이퓨어의원","success","https://www.maypureclinic.com/ko/","[KakaoTalk] https://pf.kakao.com/_qkHdT
[Phone] tel:0222789990","47","2","윤광원","대표원장","dom_text","N","학전문대학원 졸업 | 부산대학교 의학전문대학원 의학석사 | 고려대학교 의료원 수련의","서울아산병원 수련의","대한미용성형레이저학회 정회원 | 대한비만미용치료학회 정회원 | 대한피부미용학회 정회원","https://www.maypureclinic.com/"
"3976","메이퓨어의원","success","https://www.maypureclinic.com/ko/","[KakaoTalk] https://pf.kakao.com/_qkHdT
[Phone] tel:0222789990","47","2","박상희","대표원장","dom_text","N","학교 의과대학 의학과 졸업 | 고려대학교 의과대학 졸업 | 고려대학교 의료원 통증의학과 전문의","서울아산병원 수련의","대한피부미용학회 정회원 | 대한레이저피부모발학회 정회원 | 대한비만체형학회 정회원","https://www.maypureclinic.com/"
"3976","메이퓨어의원","success","https://www.maypureclinic.com/ko/","[KakaoTalk] https://pf.kakao.com/_qkHdT
[Phone] tel:0222789990","47","2","박준태","대표원장","dom_text","N","고려대학교C 의료원 임상교수 | 경희대학교 졸업 | 강원대학교 의학전문대학원 석사","서울아산병원 수련의","대한비만체형학회 정회원 | 대한미용외과학회 정회원 | 국제미용외과학회 정회원","https://www.maypureclinic.com/"
"3976","메이퓨어의원","success","https://www.maypureclinic.com/ko/","[KakaoTalk] https://pf.kakao.com/_qkHdT
[Phone] tel:0222789990","47","2","김윤병","대표원장","dom_text","N","고려대학교 의과대학 졸업 | 고려대학교 의과대학 의학석사 | 고려대학교 의료원 여성의학과 전문의","서울아산병원 수련의","국제미용외과학회 정회원 | 대한레이저피부모발학회 정회원 | 대한피부미용학회 정회원","https://www.maypureclinic.com/"
"3976","메이퓨어의원","success","https://www.maypureclinic.com/ko/","[KakaoTalk] https://pf.kakao.com/_qkHdT
[Phone] tel:0222789990","47","2","최의제","대표원장","dom_text","N","학교 의과대학 의학석사 | 고려대학교 의료원 여성의학과 전문의 | 한양대학교 의과대학 졸업","서울아산병원 수련의 | 서울 중앙보훈병원 수련의","대한피부미용학회 정회원 | 국제미용외과학회 정회원 | 대한레이저피부모발학회 정회원","https://www.maypureclinic.com/"
"3976","메이퓨어의원","success","https://www.maypureclinic.com/ko/","[KakaoTalk] https://pf.kakao.com/_qkHdT
[Phone] tel:0222789990","47","2","문은혜","대표원장","dom_text","N","한양대학교의료원 임상조교수 | 부산대학교 의학전문대학원 졸업 | 서울대학교 졸업","서울아산병원 수련의 | 서울 중앙보훈병원 수련의 | 서울백병원 가정의학과 전문의","후과 전문의 | 대한레이저피부모발학회 정회원 | 국제미용외과학회 정회원","https://www.maypureclinic.com/"
"3976","메이퓨어의원","success","https://www.maypureclinic.com/ko/","[KakaoTalk] https://pf.kakao.com/_qkHdT
[Phone] tel:0222789990","47","2","김휘강","대표원장","dom_text","N","서울대학교 졸업 | 경희대학교 의학전문대학원 의학석사 | 경희대학교병원 수련의","서울 중앙보훈병원 수련의 | 서울백병원 가정의학과 전문의 | 삼성서울병원 수련의","대한피부미용학회 정회원 | 대한미용성형레이저의학회 정회원 | 대한피부미용학회 정회원","https://www.maypureclinic.com/"
"3976","메이퓨어의원","success","https://www.maypureclinic.com/ko/","[KakaoTalk] https://pf.kakao.com/_qkHdT
[Phone] tel:0222789990","47","2","윤동진","대표원장","dom_text","N","대학교병원 수련의 | 한양대학교 의과대학 졸업 | 고려대학교 의료원 가정의학과 전문의","서울 중앙보훈병원 수련의 | 서울백병원 가정의학과 전문의 | 삼성서울병원 수련의","대한미용성형레이저의학회 정회원 | 대한피부미용학회 정회원 | 대한필러학회 정회원","https://www.maypureclinic.com/"
"3976","메이퓨어의원","success","https://www.maypureclinic.com/ko/","[KakaoTalk] https://pf.kakao.com/_qkHdT
[Phone] tel:0222789990","47","2","윤호석","대표원장","dom_text","N","대학교 의과대학 졸업 | 고려대학교 의료원 가정의학과 전문의 | 고려대학교 의과대학 졸업","서울 중앙보훈병원 수련의 | 서울백병원 가정의학과 전문의 | 삼성서울병원 수련의","대한미용의학회 정회원 | 대한비만미용치료학회 정회원 | 대한레이저피부모발학회 정회원","https://www.maypureclinic.com/"
"3976","메이퓨어의원","success","https://www.maypureclinic.com/ko/","[KakaoTalk] https://pf.kakao.com/_qkHdT
[Phone] tel:0222789990","47","2","박정진","대표원장","dom_text","N","고려대학교 의과대학 졸업 | 고려대학교 의료원 수련의 | 전북대학교 의학전문대의학원 졸업","서울 중앙보훈병원 수련의 | 서울백병원 가정의학과 전문의 | 삼성서울병원 수련의","대한피부미용학회 정회원 | 대한피부모발학회 정회원 | 대한레이저학회 정회원","https://www.maypureclinic.com/"
"3976","메이퓨어의원","success","https://www.maypureclinic.com/ko/","[KakaoTalk] https://pf.kakao.com/_qkHdT
[Phone] tel:0222789990","47","2","최원영","대표원장","dom_text","N","인제대학교 의과대학 졸업 | 경희대학교 의학전문대학원 졸업 | 경희대학교 의학전문대학원 의학석사","서울백병원 가정의학과 전문의 | 삼성서울병원 수련의 | 서울아산병원 임상약리학과 전공의","대한레이저학회 정회원 | 대한레이저피부모발학회 정회원 | 대한비만미용치료학회 정회원","https://www.maypureclinic.com/"
"3976","메이퓨어의원","success","https://www.maypureclinic.com/ko/","[KakaoTalk] https://pf.kakao.com/_qkHdT
[Phone] tel:0222789990","47","2","임다정","대표원장","dom_text","N","학교 의과대학 졸업 | 경희대학교 의학전문대학원 졸업 | 경희대학교 의학전문대학원 의학석사","서울백병원 가정의학과 전문의 | 삼성서울병원 수련의 | 서울아산병원 임상약리학과 전공의","대한레이저피부모발학회 정회원 | 대한비만미용치료학회 정회원 | 대한미용성형레이저의학회 정회원","https://www.maypureclinic.com/"
"3976","메이퓨어의원","success","https://www.maypureclinic.com/ko/","[KakaoTalk] https://pf.kakao.com/_qkHdT
[Phone] tel:0222789990","47","2","최민제","대표원장","dom_text","N","단국대학교 의과대학 의학과 졸업 | 고려대학교 의과대학 의학석사 | 고려대학교 의료원 통증의학과 전문의","서울아산병원 임상약리학과 전공의 | 분당차병원 수련의 | (전)쁨클리닉 분당점 원장","형학회 정회원 | 대한미용외과학회 정회원 | ""• 대한비만체형학회 정회원","https://www.maypureclinic.com/"
"3976","메이퓨어의원","success","https://www.maypureclinic.com/ko/","[KakaoTalk] https://pf.kakao.com/_qkHdT
[Phone] tel:0222789990","47","2","김운집","대표원장","dom_heading","N","울산대학교 의과대학 졸업 | 울산대학교 의과대학 대학원 졸업 | 고려대학교 안압병원 임상약리학과 임상강사","서울아산병원 임상약리학과 전공의 | 분당차병원 수련의 | (전)쁨클리닉 분당점 원장","학교 의료원 통증의학과 전문의 | 대한미용의학회 정회원 | 국제미용외과학회 정회원","https://www.maypureclinic.com/"
"3976","메이퓨어의원","success","https://www.maypureclinic.com/ko/","[KakaoTalk] https://pf.kakao.com/_qkHdT
[Phone] tel:0222789990","47","2","이은지","대표원장","dom_heading","N","울산대학교 의과대학 졸업 | 울산대학교 의과대학 대학원 졸업 | 고려대학교 안압병원 임상약리학과 임상강사","서울아산병원 임상약리학과 전공의 | 분당차병원 수련의 | (전)쁨클리닉 분당점 원장","대한레이저피부모발학회 정회원 | 대한미용성형레이저의학회 정회원 | 대한피부미용학회 정회원","https://www.maypureclinic.com/"
"3976","메이퓨어의원","success","https://www.maypureclinic.com/ko/","[KakaoTalk] https://pf.kakao.com/_qkHdT
[Phone] tel:0222789990","47","2","안병찬","대표원장","dom_heading","N","을지대학교 의과대학 졸업 | 을지대학교 의과대학 가정의학과 전문의 | 충남대학교 의과대학 졸업","분당차병원 수련의 | (전)쁨클리닉 분당점 원장 | 좋은삼선병원 수련의","대한레이저피부모발학회 정회원 | 대한미용성형레이저의학회 정회원 | 대한피부미용학회 정회원","https://www.maypureclinic.com/"
"3976","메이퓨어의원","success","https://www.maypureclinic.com/ko/","[KakaoTalk] https://pf.kakao.com/_qkHdT
[Phone] tel:0222789990","47","2","권다해","대표원장","dom_heading","N","중앙대학교 의학전문대학원 졸업 | 연세대학교 졸업 | 전북대학교 의학전문대학원 졸업","분당차병원 수련의 | (전)쁨클리닉 분당점 원장 | 좋은삼선병원 수련의","대한피부미용학회 정회원 | 대한레이저피부모발학회 정회원 | 대한비만미용치료학회 정회원","https://www.maypureclinic.com/"
"3976","메이퓨어의원","success","https://www.maypureclinic.com/ko/","[KakaoTalk] https://pf.kakao.com/_qkHdT
[Phone] tel:0222789990","47","2","김종태","대표원장","dom_heading","N","중앙대학교 의학전문대학원 졸업 | 연세대학교 졸업 | 전북대학교 의학전문대학원 졸업","(전)쁨클리닉 분당점 원장 | 좋은삼선병원 수련의 | 국립중앙의료원 수련의","대한비만미용치료학회 정회원 | 대한미용성형레이저의학회 정회원 | 대한레이저미용학회 정회원","https://www.maypureclinic.com/"
"3976","메이퓨어의원","success","https://www.maypureclinic.com/ko/","[KakaoTalk] https://pf.kakao.com/_qkHdT
[Phone] tel:0222789990","47","2","안광은","대표원장","dom_heading","N","전북대학교 의학전문대학원 졸업 | 서울대학교 졸업 | 한양대학교 의학전문대학원 졸업","국립중앙의료원 수련의 | 국립경찰병원 가정의학과 전문의 | 국립경찰병원 가정의학과 전문의","대한레이저미용학회 정회원 | 대한피부모발학회 정회원 | 대한미용성형레이저학회 정회원","https://www.maypureclinic.com/"
"3976","메이퓨어의원","success","https://www.maypureclinic.com/ko/","[KakaoTalk] https://pf.kakao.com/_qkHdT
[Phone] tel:0222789990","47","2","정하영","대표원장","dom_heading","N","서울대학교 졸업 | 한양대학교 의학전문대학원 졸업 | 한양대학교 의료원 수련의","원 수련의 | 국립경찰병원 가정의학과 전문의 | 국립경찰병원 가정의학과 전문의","대한레이저미용학회 정회원 | 대한피부모발학회 정회원 | 대한미용성형레이저학회 정회원","https://www.maypureclinic.com/"
"3976","메이퓨어의원","success","https://www.maypureclinic.com/ko/","[KakaoTalk] https://pf.kakao.com/_qkHdT
[Phone] tel:0222789990","47","2","김자영","대표원장","dom_heading","N","의학전문대학원 졸업 | 한양대학교 의료원 수련의 | 서울대학교 졸업","국립경찰병원 가정의학과 전문의 | 상계백병원 가정의학과 전문의 | 서울순천향병원 수련의","대한미용성형레이저학회 정회원 | 대한비만미용치료학회 정회원 | 대한레이저피부모발학회 정회원","https://www.maypureclinic.com/"
"3976","메이퓨어의원","success","https://www.maypureclinic.com/ko/","[KakaoTalk] https://pf.kakao.com/_qkHdT
[Phone] tel:0222789990","47","2","김진구","대표원장","dom_heading","N","교 의학전문대학원 석사 | 한양대학교 의과대학 졸업 | 한양대학교의료원 수련의","상계백병원 가정의학과 전문의 | 서울순천향병원 수련의 | (구)에비뉴 여성병원 원장","대한레이저피부모발학회 정회원 | 대한미용외과학회 정회원 | 대한미용성형레이저의학회 정회원","https://www.maypureclinic.com/"
"3976","메이퓨어의원","success","https://www.maypureclinic.com/ko/","[KakaoTalk] https://pf.kakao.com/_qkHdT
[Phone] tel:0222789990","47","2","오승현","대표원장","dom_heading","N","한양대학교 의과대학 졸업 | 한양대학교의료원 수련의 | 서울대학교 학사","상계백병원 가정의학과 전문의 | 서울순천향병원 수련의 | (구)에비뉴 여성병원 원장","대한미용성형레이저의학회 정회원 | 대한피부미용학회 정회원 | 대한피부미용학회 정회원","https://www.maypureclinic.com/"
"3976","메이퓨어의원","success","https://www.maypureclinic.com/ko/","[KakaoTalk] https://pf.kakao.com/_qkHdT
[Phone] tel:0222789990","47","2","박재형","대표원장","dom_heading","N","서울대학교 학사 | 경희대학교 의학전문대학원 의학석사 | 경희대학교병원 수련의","서울순천향병원 수련의 | (구)에비뉴 여성병원 원장 | 일산백병원 가정의학과 수련의","대한피부미용학회 정회원 | 대한비만체형학회 정회원 | 대한피부미용학회 정회원","https://www.maypureclinic.com/"
"3976","메이퓨어의원","success","https://www.maypureclinic.com/ko/","[KakaoTalk] https://pf.kakao.com/_qkHdT
[Phone] tel:0222789990","47","2","권도영","대표원장","dom_heading","N","전남대학교의학전문대학원 석사 | 강원대학교 의과학원 졸업 | 서울대학교 졸업","서울순천향병원 수련의 | (구)에비뉴 여성병원 원장 | 일산백병원 가정의학과 수련의","대한피부미용학회 정회원 | 대한레이저피부모발학회 정회원 | 한국원자력의료원 여성의학과 전문의","https://www.maypureclinic.com/"
"3976","메이퓨어의원","success","https://www.maypureclinic.com/ko/","[KakaoTalk] https://pf.kakao.com/_qkHdT
[Phone] tel:0222789990","47","2","이상범","대표원장","dom_heading","N","강원대학교 의과학원 졸업 | 서울대학교 졸업 | 인하대학교 의학전문대학원 의학석사","(구)에비뉴 여성병원 원장 | 일산백병원 가정의학과 수련의 | 일산백병원 가정의학과 전문의","한국원자력의료원 여성의학과 전문의 | 국제미용외과학회 정회원 | 대한피부미용학회 정회원","https://www.maypureclinic.com/"
"3976","메이퓨어의원","success","https://www.maypureclinic.com/ko/","[KakaoTalk] https://pf.kakao.com/_qkHdT
[Phone] tel:0222789990","47","2","박새영","대표원장","dom_heading","N","전북대학교 의학전문대학원 졸업 | 강원대학교 의학전문대학원 졸업 | 강원대학교 의학전문대학교 의학석사","일산백병원 가정의학과 수련의 | 일산백병원 가정의학과 전문의 | 중앙보훈병원 수련의","형레이저의학회 정회원 | 대한임상미용의학회 정회원 | 대한레이저피부모발학회 정회원","https://www.maypureclinic.com/"
"3976","메이퓨어의원","success","https://www.maypureclinic.com/ko/","[KakaoTalk] https://pf.kakao.com/_qkHdT
[Phone] tel:0222789990","47","2","박석용","대표원장","dom_heading","N","강원대학교 의학전문대학원 졸업 | 강원대학교 의학전문대학교 의학석사 | 가톨릭관동대학교 의과대학 졸업","중앙보훈병원 수련의 | 국립경찰병원 수련의 | 삼성 서울병원 수련의","한가정의학회 정회원 | 대한스포츠의학회 인증전문의 | 대한피부미용학회 정회원","https://www.maypureclinic.com/"
"3976","메이퓨어의원","success","https://www.maypureclinic.com/ko/","[KakaoTalk] https://pf.kakao.com/_qkHdT
[Phone] tel:0222789990","47","2","임찬영","대표원장","dom_heading","N","강원대학교 의학전문대학교 의학석사 | 가톨릭관동대학교 의과대학 졸업 | 연세대학교 신촌세브란스의료원 수련의","중앙보훈병원 수련의 | 국립경찰병원 수련의 | 삼성 서울병원 수련의","대한피부미용학회 정회원 | 대한레이저피부모발학회 정회원 | 대한비만학회 정회원","https://www.maypureclinic.com/"
"3976","메이퓨어의원","success","https://www.maypureclinic.com/ko/","[KakaoTalk] https://pf.kakao.com/_qkHdT
[Phone] tel:0222789990","47","2","권동우","대표원장","dom_heading","N","부산대학교 약학대학 졸업 | 부산대학교 의학전문대학원 석사 | 한림대학교의료원 강동성심병원 가정의학과 전문의","학교 신촌세브란스의료원 수련의 | 국립경찰병원 수련의 | 삼성 서울병원 수련의","대한비만학회 정회원 | 대한미용성형레이저의학회 정회원 | 대한미용성형레이저의학회 정회원","https://www.maypureclinic.com/"
"3976","메이퓨어의원","success","https://www.maypureclinic.com/ko/","[KakaoTalk] https://pf.kakao.com/_qkHdT
[Phone] tel:0222789990","47","2","이혜규","대표원장","dom_heading","N","경북대학교 의학전문대학원 석사 | 건국대학교 의학전문대학원 졸업 의학석사 | 건국대학교 의료원 수련의","삼성 서울병원 수련의 | 서울백병원 수련의 | 서울백병원 가정의학과 전문의","대한미용성형레이저의학회 정회원 | 대한레이저피부미용학회 정회원 | 대한피부비만연구회 정회원","https://www.maypureclinic.com/"
"3976","메이퓨어의원","success","https://www.maypureclinic.com/ko/","[KakaoTalk] https://pf.kakao.com/_qkHdT
[Phone] tel:0222789990","47","2","김하영","대표원장","dom_heading","N","경북대학교 의학전문대학원 석사 | 건국대학교 의학전문대학원 졸업 의학석사 | 건국대학교 의료원 수련의","삼성 서울병원 수련의 | 서울백병원 수련의 | 서울백병원 가정의학과 전문의","대한비만미용학회 정회원 | 대한필러학회 정회원 | 대한비만미용학회 정회원","https://www.maypureclinic.com/"
"3976","메이퓨어의원","success","https://www.maypureclinic.com/ko/","[KakaoTalk] https://pf.kakao.com/_qkHdT
[Phone] tel:0222789990","47","2","박기병","대표원장","dom_heading","N","건국대학교 의학전문대학원 졸업 의학석사 | 건국대학교 의료원 수련의 | 인제대학교 의과대학 졸업","서울백병원 수련의 | 서울백병원 가정의학과 전문의 | 순천향서울병원 가정의학과 전뭉의","대한비만미용학회 정회원 | 대한레이저피부모발학회 정회원 | 대한피부미용학회 정회원","https://www.maypureclinic.com/"
"3976","메이퓨어의원","success","https://www.maypureclinic.com/ko/","[KakaoTalk] https://pf.kakao.com/_qkHdT
[Phone] tel:0222789990","47","2","장인혁","대표원장","dom_heading","N","한양대학교 의과대학 졸업 | 연세대학교 신촌세브란스의료원 수련의 | 전북대학교 의과대학 졸업","서울백병원 수련의 | 서울백병원 가정의학과 전문의 | 순천향서울병원 가정의학과 전뭉의","대한피부미용학회 정회원 | 대한가정의학회 정회원 | 대한레이저피부모발학회 정회원","https://www.maypureclinic.com/"
"3976","메이퓨어의원","success","https://www.maypureclinic.com/ko/","[KakaoTalk] https://pf.kakao.com/_qkHdT
[Phone] tel:0222789990","47","2","강병훈","대표원장","dom_heading","N","학 졸업 | 연세대학교 신촌세브란스의료원 수련의 | 전북대학교 의과대학 졸업","순천향서울병원 가정의학과 전뭉의 | 서울아산병원 수련의 | 경희의료원 수련의","대한레이저피부모발학회 정회원 | 대한미용성형레이저의학회 정회원 | 한국피부비만성형학회 정회원","https://www.maypureclinic.com/"
"3976","메이퓨어의원","success","https://www.maypureclinic.com/ko/","[KakaoTalk] https://pf.kakao.com/_qkHdT
[Phone] tel:0222789990","47","2","정승은","대표원장","dom_heading","N","전북대학교 의과대학 졸업 | 이화여자대학교 졸업 | 전남대학교 의학전문대학원 석사","순천향서울병원 가정의학과 전뭉의 | 서울아산병원 수련의 | 경희의료원 수련의","대한필러학회 정회원 | 대한비만미용학회 정회원 | 대한레이저피부모발학회 정회원","https://www.maypureclinic.com/"
"3976","메이퓨어의원","success","https://www.maypureclinic.com/ko/","[KakaoTalk] https://pf.kakao.com/_qkHdT
[Phone] tel:0222789990","47","2","전민주","대표원장","dom_heading","N","울산대학교 의과대학 졸업 | 서울대학교병원 가정의학과 전문의 | 연세대학교 졸업","서울아산병원 수련의 | 경희의료원 수련의","대한비만미용학회 정회원 | 대한미용의사회 정회원 | 대한미용성형레이저의학회 정회원","https://www.maypureclinic.com/"
"3976","메이퓨어의원","success","https://www.maypureclinic.com/ko/","[KakaoTalk] https://pf.kakao.com/_qkHdT
[Phone] tel:0222789990","47","2","유지상","대표원장","dom_heading","N","울산대학교 의과대학 졸업 | 서울대학교병원 가정의학과 전문의 | 연세대학교 졸업","서울아산병원 수련의 | 경희의료원 수련의","대한비만미용학회 정회원 | 대한미용의사회 정회원 | 대한미용성형레이저의학회 정회원","https://www.maypureclinic.com/"
"3976","메이퓨어의원","success","https://www.maypureclinic.com/ko/","[KakaoTalk] https://pf.kakao.com/_qkHdT
[Phone] tel:0222789990","47","2","최우혁","대표원장","dom_heading","N","연세대학교 졸업 | 차의과학대학교 의학전문대학원 석사 | 고려대학교 졸업","경희의료원 수련의","대한미용의사회 정회원 | 대한미용성형레이저의학회 정회원 | 대한비만학회 정회원","https://www.maypureclinic.com/"
"3976","메이퓨어의원","success","https://www.maypureclinic.com/ko/","[KakaoTalk] https://pf.kakao.com/_qkHdT
[Phone] tel:0222789990","47","2","송완석","대표원장","dom_heading","N","고려대학교 졸업 | 경희대학교 의과대학 졸업 | 순천향대학교 의과대학 졸업","경희의료원 수련의","대한미용의사회 정회원 | 대한미용성형레이저의학회 정회원 | 대한비만학회 정회원","https://www.maypureclinic.com/"
"10651","더힐피부과의원","partial","http://thehillderma.com","[NaverBlog] https://blog.naver.com/thehillderma
[Phone] tel:0264848200
[Phone] tel:0264848203","0","3","","","","","","","","http://thehillderma.com/"
"10699","프라이즈피부과의원","success","https://prizemedi.com/","[KakaoTalk] https://pf.kakao.com/_XZDxmG
[NaverBooking] https://m.booking.naver.com/booking/13/bizes/1126484?theme=place&service-target=map-pc&area=plt
[Phone] tel:0269587560","1","3","김미선","대표원장","dom_text","N","한양대학교 의과대학 졸업","을지병원 피부과 외래교수","피부과 전문의 | 대한피부과학회 정회원 | 대한피부과의사회 정회원","https://prizemedi.com/"
"10777","인샤인피부과의원","partial","http://inshineskin.com/","[Facebook] https://www.facebook.com/sunghwan.youn
[Instagram] https://www.instagram.com/inshineskin
[KakaoTalk] http://pf.kakao.com/_AsJxbxl
[NaverBlog] https://blog.naver.com/inshineskin
[Phone] tel:0221388270
[Phone] tel:0221388279","0","6","","","","","","","","http://inshineskin.com/"
"10826","림피부과의원","success","http://www.rimskinclinic.com/","[Facebook] https://www.facebook.com/profile.php?id=100017821098453
[Instagram] https://www.instagram.com/rimskin_clinic
[KakaoTalk] http://pf.kakao.com/_WixfDxj/chat
[NaverBlog] https://blog.naver.com/rimskin23
[Phone] tel:01097873462
[Phone] tel:025453462","1","6","신자경","대표원장","dom_text","N","","흉터클리닉 | 피부재생클리닉 | 고객센터: 02-545-3462 / 010-9787-3462","피부과 전문의 | 대한피부과학회 정회원 | 대한피부과의사회 정회원","http://www.rimskinclinic.com/"
"10834","보스피부과의원","success","https://www.vos.co.kr","[Facebook] https://www.facebook.com/VOS.Dermatology.Clinic
[Instagram] https://www.instagram.com/vos_skinclinic
[KakaoTalk] https://pf.kakao.com/_rALZK/chat
[NaverBooking] https://booking.naver.com/booking/13/bizes/1243890
[Phone] tel:025155515
[Phone] tel:0260099203
[YouTube] https://www.youtube.com/@drhong3_cosmetic","3","7","김홍석","원장","dom_text","N","동아대학교 의과대학 수석 졸업 | 전) 충청대학교 의료미용학과 겸임교수 | 동국대학교 뷰티메디컬학과 겸임교수","","피부과전문의 | 대한피부과항노화학회 이사 | 대한화장품의학회 회원","https://vos.co.kr/"
"10834","보스피부과의원","success","https://www.vos.co.kr","[Facebook] https://www.facebook.com/VOS.Dermatology.Clinic
[Instagram] https://www.instagram.com/vos_skinclinic
[KakaoTalk] https://pf.kakao.com/_rALZK/chat
[NaverBooking] https://booking.naver.com/booking/13/bizes/1243890
[Phone] tel:025155515
[Phone] tel:0260099203
[YouTube] https://www.youtube.com/@drhong3_cosmetic","3","7","전체","의사","dom_text","N","동아대학교 의과대학 수석 졸업 | 전) 충청대학교 의료미용학과 겸임교수 | 동국대학교 뷰티메디컬학과 겸임교수","","피부과전문의 | 대한피부과항노화학회 이사 | 대한화장품의학회 회원","https://vos.co.kr/"
"10834","보스피부과의원","success","https://www.vos.co.kr","[Facebook] https://www.facebook.com/VOS.Dermatology.Clinic
[Instagram] https://www.instagram.com/vos_skinclinic
[KakaoTalk] https://pf.kakao.com/_rALZK/chat
[NaverBooking] https://booking.naver.com/booking/13/bizes/1243890
[Phone] tel:025155515
[Phone] tel:0260099203
[YouTube] https://www.youtube.com/@drhong3_cosmetic","3","7","신뢰와","원장","dom_text","N","동아대학교 의과대학 수석 졸업 | 전) 충청대학교 의료미용학과 겸임교수 | 동국대학교 뷰티메디컬학과 겸임교수","","피부과전문의 | 대한피부과항노화학회 이사 | 대한화장품의학회 회원","https://vos.co.kr/"
"10857","서울레전드피부과의원","partial","http://www.legendskin.kr","[Phone] tel:025423598
[Phone] tel:025423599","0","2","","","","","","","","http://www.legendskin.kr/main/main.html"
"11183","멜로우피부과의원","success","http://www.doctormellow-ch.com","[Instagram] https://www.instagram.com/mellow.cheonho
[Instagram] https://www.instagram.com/mellowclinic_official
[KakaoTalk] http://pf.kakao.com/_EwwZn
[KakaoTalk] https://pf.kakao.com/_EwwZn
[NaverBooking] https://booking.naver.com/booking/13/bizes/1284865
[NaverMap] https://map.naver.com/p/entry/place/1883535987?placePath=%2Fhome
[Phone] tel:024878733","1","7","김태림","대표원장","dom","N","한양대학교 의과대학 최우등졸업 | 한양대학교병원 피부과 전공의 수료","병원소개 | 리프팅센터 | 병원소개 | 의료진소개","피부과전문의 | 대한피부과학회 정회원 | 대한피부과의사회 정회원","http://www.doctormellow-ch.com/"
